-- phpMyAdmin SQL Dump
-- version 4.7.4
-- https://www.phpmyadmin.net/
--
-- 主機: 127.0.0.1
-- 產生時間： 2017-11-27 10:44:19
-- 伺服器版本: 10.1.28-MariaDB
-- PHP 版本： 7.1.10

SET SQL_MODE = "NO_AUTO_VALUE_ON_ZERO";
SET AUTOCOMMIT = 0;
START TRANSACTION;
SET time_zone = "+00:00";


/*!40101 SET @OLD_CHARACTER_SET_CLIENT=@@CHARACTER_SET_CLIENT */;
/*!40101 SET @OLD_CHARACTER_SET_RESULTS=@@CHARACTER_SET_RESULTS */;
/*!40101 SET @OLD_COLLATION_CONNECTION=@@COLLATION_CONNECTION */;
/*!40101 SET NAMES utf8mb4 */;

--
-- 資料庫： `manage`
--

-- --------------------------------------------------------

--
-- 資料表結構 `admin`
--

CREATE TABLE `admin` (
  `a_id` int(11) NOT NULL,
  `a_games_id` varchar(150) NOT NULL COMMENT '可玩遊戲ID(,分開)',
  `a_all_upid` varchar(255) NOT NULL COMMENT '方便移除 遊戲ID 可以搜尋到相關階層帳號',
  `a_add_adminid` int(11) NOT NULL COMMENT '紀錄被哪支帳號新增',
  `a_first_upid` int(11) NOT NULL COMMENT '第一個總代ID',
  `a_level` int(11) NOT NULL COMMENT '身份[1]公司[2]總代[3]代理人[4]客服',
  `a_service` int(11) NOT NULL COMMENT '代理人ID(客服使用)',
  `a_mid` varchar(100) NOT NULL,
  `a_username` varchar(20) CHARACTER SET utf8 COLLATE utf8_unicode_ci NOT NULL,
  `a_password` varchar(255) CHARACTER SET utf8 COLLATE utf8_unicode_ci NOT NULL,
  `a_name` varchar(20) NOT NULL,
  `a_email` varchar(50) CHARACTER SET utf8 COLLATE utf8_unicode_ci NOT NULL,
  `a_pic` varchar(80) CHARACTER SET utf8 COLLATE utf8_unicode_ci NOT NULL,
  `r_id` int(11) NOT NULL,
  `a_forgetcode` varchar(100) CHARACTER SET utf8 COLLATE utf8_unicode_ci DEFAULT NULL,
  `a_forgetcode_time` datetime NOT NULL,
  `a_ip` varchar(15) CHARACTER SET utf8 COLLATE utf8_unicode_ci NOT NULL,
  `a_logintime` datetime NOT NULL,
  `a_ispublic` tinyint(4) NOT NULL,
  `a_admin` varchar(20) CHARACTER SET utf8 COLLATE utf8_unicode_ci NOT NULL,
  `a_createtime` datetime NOT NULL,
  `a_updatetime` datetime NOT NULL
) ENGINE=InnoDB DEFAULT CHARSET=utf8 ROW_FORMAT=COMPACT;

--
-- 資料表的匯出資料 `admin`
--

INSERT INTO `admin` (`a_id`, `a_games_id`, `a_all_upid`, `a_add_adminid`, `a_first_upid`, `a_level`, `a_service`, `a_mid`, `a_username`, `a_password`, `a_name`, `a_email`, `a_pic`, `r_id`, `a_forgetcode`, `a_forgetcode_time`, `a_ip`, `a_logintime`, `a_ispublic`, `a_admin`, `a_createtime`, `a_updatetime`) VALUES
(1, '', '', 1, 0, 1, 0, '7080503cab91b33478f8277652d8b00e151177555438200bk0bl0n534bvtuve5tamqda7tu', 'admin', 'ba3253876aed6bc22d4a6ff53d8406c6ad864195ed144ab5c87621b6c233b548baeae6956df346ec8c17f5ea10f35ee3cbc514797ed7ddd3145464e2a0bab413', '系統管理員', 'admin@gmail.com', '', 2, NULL, '0000-00-00 00:00:00', '192.168.1.174', '2017-11-27 17:39:14', 1, 'admin', '2017-10-17 13:43:34', '2017-10-17 13:43:34'),
(2, '2,1', '1', 1, 0, 2, 0, 'ae84098ab9476dcee271290d1f9c6abd1508314287189820q937kqqrbd85vblgb326b39a5', 'test1', 'ba3253876aed6bc22d4a6ff53d8406c6ad864195ed144ab5c87621b6c233b548baeae6956df346ec8c17f5ea10f35ee3cbc514797ed7ddd3145464e2a0bab413', 'test1-總代', 'test1@gmail.com', '', 3, NULL, '0000-00-00 00:00:00', '::1', '2017-10-18 16:11:27', 1, 'admin', '2017-10-17 14:10:01', '2017-10-18 16:10:55'),
(3, '1', '1,2', 2, 2, 3, 0, '47c2b6232842f47d2418a4e2b6fffe8915083135197481104j4g4q3274gsqmqd0i5t0d9h6', 'test2', 'ba3253876aed6bc22d4a6ff53d8406c6ad864195ed144ab5c87621b6c233b548baeae6956df346ec8c17f5ea10f35ee3cbc514797ed7ddd3145464e2a0bab413', 'test2-代理人', 'test2@gmail.com', '', 4, NULL, '0000-00-00 00:00:00', '127.0.0.1', '2017-10-18 15:58:39', 1, 'test2', '2017-10-17 14:10:54', '2017-10-18 16:05:46'),
(4, '1', '1,2,3', 3, 2, 3, 0, '046039e11ec81721fe4c79d99d52905d1508224170565258aau7np371buqmv9gn0kqtkti6', 'test3', 'ba3253876aed6bc22d4a6ff53d8406c6ad864195ed144ab5c87621b6c233b548baeae6956df346ec8c17f5ea10f35ee3cbc514797ed7ddd3145464e2a0bab413', 'test3-代理人', 'test3@gmail.com', '', 4, NULL, '0000-00-00 00:00:00', '', '0000-00-00 00:00:00', 1, 'test2', '2017-10-17 15:09:30', '2017-10-18 16:06:08'),
(5, '', '1,2', 2, 0, 4, 2, '1f1d58bcdf0bcfc735663321a0036eaa150839967477166ohjputbm1gfgaef06hrh6aobm4', 'stest1', 'ba3253876aed6bc22d4a6ff53d8406c6ad864195ed144ab5c87621b6c233b548baeae6956df346ec8c17f5ea10f35ee3cbc514797ed7ddd3145464e2a0bab413', 'stest1-總代客服', 'stest1@gmail.com', '', 5, NULL, '0000-00-00 00:00:00', '::1', '2017-10-19 15:54:34', 1, 'test1', '2017-10-17 15:11:04', '2017-10-17 15:11:04'),
(6, '', '1,2,3', 3, 0, 4, 3, 'a8da5a97b9dce5bcdd07d00b1e4b1cde1508224382830788aau7np371buqmv9gn0kqtkti6', 'stest2', 'ba3253876aed6bc22d4a6ff53d8406c6ad864195ed144ab5c87621b6c233b548baeae6956df346ec8c17f5ea10f35ee3cbc514797ed7ddd3145464e2a0bab413', 'stest2-代理人客服', 'stest2@gmail.com', '', 5, NULL, '0000-00-00 00:00:00', '', '0000-00-00 00:00:00', 1, 'test2', '2017-10-17 15:13:02', '2017-10-17 15:13:02'),
(7, '', '', 1, 0, 1, 0, 'a5d5120a181129258143a8009ed28daf15082244209473802cn7knj2vsk82qggsu0748vs6', 'boss@degather.com', 'ba3253876aed6bc22d4a6ff53d8406c6ad864195ed144ab5c87621b6c233b548baeae6956df346ec8c17f5ea10f35ee3cbc514797ed7ddd3145464e2a0bab413', '老闆', 'boss@degather.com', '', 2, NULL, '0000-00-00 00:00:00', '', '0000-00-00 00:00:00', 1, 'admin', '2017-10-17 15:13:40', '2017-10-17 15:13:40'),
(8, '', '', 1, 0, 1, 0, '0fb839a7a34f3457e1c19385a81d8c261508224454795002cn7knj2vsk82qggsu0748vs6', 'jean@degather.com', 'ba3253876aed6bc22d4a6ff53d8406c6ad864195ed144ab5c87621b6c233b548baeae6956df346ec8c17f5ea10f35ee3cbc514797ed7ddd3145464e2a0bab413', '特助', 'jean@degather.com', '', 2, NULL, '0000-00-00 00:00:00', '', '0000-00-00 00:00:00', 1, 'admin', '2017-10-17 15:14:14', '2017-10-17 15:14:14'),
(9, '', '', 1, 0, 1, 0, '4b6a382a44838ce7e4c49657096991ce15082244784639302cn7knj2vsk82qggsu0748vs6', 'maggie@degather.com', 'ba3253876aed6bc22d4a6ff53d8406c6ad864195ed144ab5c87621b6c233b548baeae6956df346ec8c17f5ea10f35ee3cbc514797ed7ddd3145464e2a0bab413', '羿廷', 'maggie@degather.com', '', 2, NULL, '0000-00-00 00:00:00', '', '0000-00-00 00:00:00', 1, 'admin', '2017-10-17 15:14:38', '2017-10-17 15:14:38'),
(10, '', '', 1, 0, 1, 0, 'e3f11fcc8cb1f3570acc828ca93c380315082245166636602cn7knj2vsk82qggsu0748vs6', 'shawna@degather.com', 'ba3253876aed6bc22d4a6ff53d8406c6ad864195ed144ab5c87621b6c233b548baeae6956df346ec8c17f5ea10f35ee3cbc514797ed7ddd3145464e2a0bab413', '偉婷', 'shawna@degather.com', '', 2, NULL, '0000-00-00 00:00:00', '', '0000-00-00 00:00:00', 1, 'admin', '2017-10-17 15:15:16', '2017-10-17 15:15:16'),
(11, '', '', 1, 0, 1, 0, 'cd3126d07d33f4a97f9980a1a486687615082245477944302cn7knj2vsk82qggsu0748vs6', 'pllai@degather.com', 'ba3253876aed6bc22d4a6ff53d8406c6ad864195ed144ab5c87621b6c233b548baeae6956df346ec8c17f5ea10f35ee3cbc514797ed7ddd3145464e2a0bab413', '??', 'pllai@degather.com', '', 5, NULL, '0000-00-00 00:00:00', '', '0000-00-00 00:00:00', 1, 'admin', '2017-10-17 15:15:47', '2017-11-20 10:48:50'),
(12, '', '', 1, 0, 1, 0, '3ea9ea301bec9efb69e6f73bf536591d15082245692200002cn7knj2vsk82qggsu0748vs6', 'kuansu@degather.com', 'ba3253876aed6bc22d4a6ff53d8406c6ad864195ed144ab5c87621b6c233b548baeae6956df346ec8c17f5ea10f35ee3cbc514797ed7ddd3145464e2a0bab413', '阿寬', 'kuansu@degather.com', '', 2, NULL, '0000-00-00 00:00:00', '', '0000-00-00 00:00:00', 1, 'admin', '2017-10-17 15:16:09', '2017-10-17 15:16:09'),
(13, '', '', 1, 0, 1, 0, 'd454e5f3c3a8502e783a5d22243c4da315082245923412502cn7knj2vsk82qggsu0748vs6', 'evahu@degather.com', 'ba3253876aed6bc22d4a6ff53d8406c6ad864195ed144ab5c87621b6c233b548baeae6956df346ec8c17f5ea10f35ee3cbc514797ed7ddd3145464e2a0bab413', '家榛', 'evahu@degather.com', '', 2, NULL, '0000-00-00 00:00:00', '', '0000-00-00 00:00:00', 1, 'admin', '2017-10-17 15:16:32', '2017-10-17 15:16:32'),
(14, '', '', 1, 0, 1, 0, '1f229816bdde82a319e5cec8dea9328315082246166039702cn7knj2vsk82qggsu0748vs6', 'mhchen@degather.com', 'ba3253876aed6bc22d4a6ff53d8406c6ad864195ed144ab5c87621b6c233b548baeae6956df346ec8c17f5ea10f35ee3cbc514797ed7ddd3145464e2a0bab413', '孟孝', 'mhchen@degather.com', '', 2, NULL, '0000-00-00 00:00:00', '', '0000-00-00 00:00:00', 1, 'admin', '2017-10-17 15:16:56', '2017-10-17 15:16:56'),
(15, '', '1,2', 5, 0, 4, 2, '3fe84efde85e8e5ed5586bab9b89d146150823302031574pequr2gd3e7p0ifklpnh58aui6', 'stest11', 'ba3253876aed6bc22d4a6ff53d8406c6ad864195ed144ab5c87621b6c233b548baeae6956df346ec8c17f5ea10f35ee3cbc514797ed7ddd3145464e2a0bab413', 'stest1客服-建立總代客服', 'stest11@gmail.com', '', 12, NULL, '0000-00-00 00:00:00', '', '0000-00-00 00:00:00', 1, 'stest1', '2017-10-17 17:37:00', '2017-10-17 17:39:55'),
(16, '1', '1,2', 5, 2, 3, 0, '7acff93f96b09090a8678d4791bce41915082347596943pequr2gd3e7p0ifklpnh58aui6', 'newtest2', 'ba3253876aed6bc22d4a6ff53d8406c6ad864195ed144ab5c87621b6c233b548baeae6956df346ec8c17f5ea10f35ee3cbc514797ed7ddd3145464e2a0bab413', 'newtest2-st1總代客服建', 'newtest2@gmail.com', '', 4, NULL, '0000-00-00 00:00:00', '', '0000-00-00 00:00:00', 1, 'stest1', '2017-10-17 18:05:59', '2017-10-17 18:06:32');

-- --------------------------------------------------------

--
-- 資料表結構 `admin_log`
--

CREATE TABLE `admin_log` (
  `al_id` int(11) NOT NULL,
  `a_username` varchar(20) NOT NULL,
  `al_main_key` int(11) NOT NULL,
  `al_fun_key` int(11) NOT NULL,
  `al_descript` varchar(100) NOT NULL,
  `al_createtime` datetime NOT NULL,
  `al_ip` char(15) NOT NULL,
  `al_action` int(11) NOT NULL
) ENGINE=MyISAM DEFAULT CHARSET=utf8;

--
-- 資料表的匯出資料 `admin_log`
--

INSERT INTO `admin_log` (`al_id`, `a_username`, `al_main_key`, `al_fun_key`, `al_descript`, `al_createtime`, `al_ip`, `al_action`) VALUES
(1, 'admin', 6, 3, '列表', '2017-10-17 11:23:07', '127.0.0.1', 2),
(2, 'admin', 6, 3, 'test1', '2017-10-17 11:24:05', '127.0.0.1', 4),
(3, 'admin', 6, 3, '列表', '2017-10-17 11:24:11', '127.0.0.1', 2),
(4, 'admin', 0, 0, 'admin登入成功', '2017-10-17 11:29:12', '::1', 1),
(5, 'admin', 6, 3, '列表', '2017-10-17 11:34:07', '::1', 2),
(6, 'test1', 0, 0, 'test1登入成功', '2017-10-17 11:37:12', '::1', 1),
(7, 'test1', 6, 1, '列表', '2017-10-17 11:37:18', '::1', 2),
(8, 'test1', 6, 1, 'test2', '2017-10-17 11:54:07', '::1', 4),
(9, 'test1', 6, 1, 'test2', '2017-10-17 11:54:17', '::1', 8),
(10, 'test2', 0, 0, 'test2登入成功', '2017-10-17 11:58:29', '127.0.0.1', 1),
(11, 'test2', 6, 1, '列表', '2017-10-17 11:58:33', '127.0.0.1', 2),
(12, 'test2', 6, 1, 'test3', '2017-10-17 12:02:32', '127.0.0.1', 4),
(13, 'test1', 6, 1, '列表', '2017-10-17 12:06:43', '::1', 2),
(14, 'admin', 6, 3, 'test1', '2017-10-17 12:08:46', '::1', 8),
(15, 'test1', 6, 1, 'test2', '2017-10-17 12:08:53', '::1', 8),
(16, 'admin', 6, 3, '列表', '2017-10-17 12:09:27', '::1', 2),
(17, 'admin', 6, 3, 'test1', '2017-10-17 12:09:30', '::1', 8),
(18, 'admin', 2, 1, '列表', '2017-10-17 12:10:24', '::1', 2),
(19, 'admin', 2, 1, 'boss@degather.com', '2017-10-17 12:10:56', '::1', 4),
(20, 'admin', 2, 1, 'jean@degather.com', '2017-10-17 12:11:28', '::1', 4),
(21, 'admin', 2, 1, 'maggie@degather.com', '2017-10-17 12:12:22', '::1', 4),
(22, 'admin', 1, 1, '列表', '2017-10-17 12:15:03', '::1', 2),
(23, 'admin', 2, 1, '列表', '2017-10-17 12:15:37', '::1', 2),
(24, 'admin', 2, 1, 'shawna@degather.com', '2017-10-17 12:17:57', '::1', 4),
(25, 'admin', 2, 1, 'pllai@degather.com', '2017-10-17 12:19:05', '::1', 4),
(26, 'admin', 2, 1, 'kuansu@degather.com', '2017-10-17 12:19:25', '::1', 4),
(27, 'admin', 2, 1, 'evahu@degather.com', '2017-10-17 12:19:48', '::1', 4),
(28, 'admin', 2, 1, 'mhchen@degather.com', '2017-10-17 12:20:18', '::1', 4),
(29, 'admin', 6, 3, '列表', '2017-10-17 12:20:45', '::1', 2),
(30, 'test1', 6, 2, '列表', '2017-10-17 12:27:54', '::1', 2),
(31, 'test1', 6, 2, 'stest1', '2017-10-17 12:28:52', '::1', 4),
(32, 'test1', 11, 1, '列表', '2017-10-17 12:35:44', '::1', 2),
(33, 'stest1', 0, 0, 'stest1登入成功', '2017-10-17 12:35:59', '127.0.0.1', 1),
(34, 'stest1', 10, 5, '列表', '2017-10-17 12:36:03', '127.0.0.1', 2),
(35, 'stest1', 10, 1, '列表', '2017-10-17 12:36:05', '127.0.0.1', 2),
(36, 'stest1', 10, 5, '列表', '2017-10-17 12:36:08', '127.0.0.1', 2),
(37, 'test2', 3, 1, '列表', '2017-10-17 12:38:01', '127.0.0.1', 2),
(38, 'test1', 3, 1, '列表', '2017-10-17 12:38:12', '::1', 2),
(39, 'stest1', 3, 1, '列表', '2017-10-17 12:38:14', '127.0.0.1', 2),
(40, 'stest1', 3, 2, '列表', '2017-10-17 12:38:15', '127.0.0.1', 2),
(41, 'stest1', 3, 1, '列表', '2017-10-17 12:38:16', '127.0.0.1', 2),
(42, 'test1', 3, 2, '列表', '2017-10-17 12:38:19', '::1', 2),
(43, 'stest1', 3, 2, '列表', '2017-10-17 12:38:21', '127.0.0.1', 2),
(44, 'test2', 3, 2, '列表', '2017-10-17 12:38:32', '127.0.0.1', 2),
(45, 'test1', 3, 1, '列表', '2017-10-17 12:43:24', '::1', 2),
(46, 'admin', 3, 1, '列表', '2017-10-17 12:43:33', '::1', 2),
(47, 'test1', 6, 1, '列表', '2017-10-17 12:56:54', '::1', 2),
(48, 'admin', 2, 1, '列表', '2017-10-17 13:42:21', '::1', 2),
(49, 'admin', 2, 1, 'admin', '2017-10-17 13:43:34', '::1', 4),
(50, 'admin', 2, 1, '列表', '2017-10-17 13:44:36', '::1', 2),
(51, 'admin', 6, 3, '列表', '2017-10-17 13:44:43', '::1', 2),
(52, 'admin', 6, 3, 'test1', '2017-10-17 14:10:02', '::1', 4),
(53, 'test1', 0, 0, 'test1登入成功', '2017-10-17 14:10:18', '::1', 1),
(54, 'test1', 6, 1, '列表', '2017-10-17 14:10:21', '::1', 2),
(55, 'test1', 6, 1, 'test2', '2017-10-17 14:10:54', '::1', 4),
(56, 'admin', 6, 3, '列表', '2017-10-17 14:11:35', '::1', 2),
(57, 'test1', 6, 1, '列表', '2017-10-17 15:07:33', '::1', 2),
(58, 'test1', 6, 2, '列表', '2017-10-17 15:08:13', '::1', 2),
(59, 'test2', 0, 0, 'test2登入成功', '2017-10-17 15:08:31', '127.0.0.1', 1),
(60, 'test2', 6, 1, '列表', '2017-10-17 15:08:34', '127.0.0.1', 2),
(61, 'test2', 6, 1, 'test3', '2017-10-17 15:09:30', '127.0.0.1', 4),
(62, 'test1', 6, 2, 'stest1', '2017-10-17 15:11:04', '::1', 4),
(63, 'stest1', 0, 0, 'stest1登入成功', '2017-10-17 15:11:19', '127.0.0.1', 1),
(64, 'admin', 2, 1, '列表', '2017-10-17 15:11:28', '::1', 2),
(65, 'test2', 6, 2, '列表', '2017-10-17 15:12:36', '127.0.0.1', 2),
(66, 'test2', 6, 2, 'stest2', '2017-10-17 15:13:02', '127.0.0.1', 4),
(67, 'admin', 2, 1, 'boss@degather.com', '2017-10-17 15:13:40', '::1', 4),
(68, 'admin', 2, 1, 'jean@degather.com', '2017-10-17 15:14:14', '::1', 4),
(69, 'admin', 2, 1, 'maggie@degather.com', '2017-10-17 15:14:38', '::1', 4),
(70, 'admin', 2, 1, 'shawna@degather.com', '2017-10-17 15:15:16', '::1', 4),
(71, 'admin', 2, 1, 'pllai@degather.com', '2017-10-17 15:15:47', '::1', 4),
(72, 'admin', 2, 1, 'kuansu@degather.com', '2017-10-17 15:16:10', '::1', 4),
(73, 'admin', 2, 1, 'evahu@degather.com', '2017-10-17 15:16:32', '::1', 4),
(74, 'admin', 2, 1, 'mhchen@degather.com', '2017-10-17 15:16:56', '::1', 4),
(75, 'test1', 6, 2, '列表', '2017-10-17 15:26:03', '::1', 2),
(76, 'admin', 6, 3, '列表', '2017-10-17 15:26:19', '::1', 2),
(77, 'admin', 9, 1, '列表', '2017-10-17 15:26:24', '::1', 2),
(78, 'admin', 9, 2, '列表', '2017-10-17 15:26:30', '::1', 2),
(79, 'admin', 9, 2, ' id:11', '2017-10-17 15:34:25', '::1', 8),
(80, 'admin', 3, 1, '列表', '2017-10-17 15:34:41', '::1', 2),
(81, 'stest1', 3, 1, '列表', '2017-10-17 15:34:48', '127.0.0.1', 2),
(82, 'test1', 3, 1, '列表', '2017-10-17 15:34:53', '::1', 2),
(83, 'admin', 6, 3, '列表', '2017-10-17 15:38:57', '::1', 2),
(84, 'admin', 3, 1, '列表', '2017-10-17 15:40:07', '::1', 2),
(85, 'admin', 3, 1, 'test id:4', '2017-10-17 16:06:08', '::1', 8),
(86, 'admin', 3, 1, '列表', '2017-10-17 16:06:28', '::1', 2),
(87, 'test1', 3, 2, '列表', '2017-10-17 16:15:13', '::1', 2),
(88, 'test1', 3, 1, '列表', '2017-10-17 16:15:17', '::1', 2),
(89, 'test1', 3, 2, '列表', '2017-10-17 16:15:19', '::1', 2),
(90, 'test1', 11, 1, '列表', '2017-10-17 16:15:22', '::1', 2),
(91, 'test1', 11, 2, '列表', '2017-10-17 16:15:23', '::1', 2),
(92, 'test1', 3, 1, '列表', '2017-10-17 16:15:26', '::1', 2),
(93, 'admin', 3, 2, '列表', '2017-10-17 16:37:14', '::1', 2),
(94, 'admin', 3, 1, '列表', '2017-10-17 16:37:16', '::1', 2),
(95, 'admin', 3, 1, '排序', '2017-10-17 17:06:53', '::1', 8),
(96, 'admin', 3, 1, '列表', '2017-10-17 17:06:54', '::1', 2),
(97, 'admin', 3, 1, '排序', '2017-10-17 17:06:55', '::1', 8),
(98, 'admin', 3, 1, '列表', '2017-10-17 17:06:56', '::1', 2),
(99, 'admin', 3, 2, '列表', '2017-10-17 17:10:49', '::1', 2),
(100, 'test1', 3, 2, '列表', '2017-10-17 17:10:57', '::1', 2),
(101, 'admin', 6, 3, '列表', '2017-10-17 17:14:39', '::1', 2),
(102, 'stest1', 3, 2, '列表', '2017-10-17 17:14:56', '127.0.0.1', 2),
(103, 'stest1', 3, 1, '列表', '2017-10-17 17:14:57', '127.0.0.1', 2),
(104, 'stest1', 3, 2, '列表', '2017-10-17 17:14:58', '127.0.0.1', 2),
(105, 'stest1', 3, 2, 'HIHI777 id:5', '2017-10-17 17:16:49', '127.0.0.1', 4),
(106, 'stest1', 6, 1, '列表', '2017-10-17 17:18:20', '127.0.0.1', 2),
(107, 'test1', 6, 1, '列表', '2017-10-17 17:18:22', '::1', 2),
(108, 'stest1', 0, 0, 'stest1登入成功', '2017-10-17 17:20:02', '::1', 1),
(109, 'test1', 0, 0, 'test1登入成功', '2017-10-17 17:20:11', '127.0.0.1', 1),
(110, 'stest1', 6, 1, '列表', '2017-10-17 17:20:12', '::1', 2),
(111, 'test1', 6, 1, '列表', '2017-10-17 17:20:15', '127.0.0.1', 2),
(112, 'test2', 6, 2, '列表', '2017-10-17 17:28:08', '127.0.0.1', 2),
(113, 'test2', 6, 1, '列表', '2017-10-17 17:28:16', '127.0.0.1', 2),
(114, 'stest1', 6, 2, '列表', '2017-10-17 17:29:13', '::1', 2),
(115, 'admin', 6, 7, '列表', '2017-10-17 17:29:27', '::1', 2),
(116, 'admin', 6, 3, '列表', '2017-10-17 17:29:28', '::1', 2),
(117, 'test1', 6, 2, '列表', '2017-10-17 17:32:52', '127.0.0.1', 2),
(118, 'test1', 6, 1, '列表', '2017-10-17 17:33:03', '127.0.0.1', 2),
(119, 'test1', 6, 2, '列表', '2017-10-17 17:33:20', '127.0.0.1', 2),
(120, 'test1', 6, 1, '列表', '2017-10-17 17:33:22', '127.0.0.1', 2),
(121, 'test1', 6, 2, '列表', '2017-10-17 17:33:46', '127.0.0.1', 2),
(122, 'stest1', 6, 2, 'stest111', '2017-10-17 17:34:29', '::1', 4),
(123, 'stest1', 6, 2, '列表', '2017-10-17 17:36:08', '::1', 2),
(124, 'stest1', 6, 2, 'stest11', '2017-10-17 17:37:00', '::1', 4),
(125, 'stest1', 6, 2, 'stest11', '2017-10-17 17:37:08', '::1', 8),
(126, 'stest1', 6, 2, '列表', '2017-10-17 17:37:09', '::1', 2),
(127, 'stest1', 6, 2, 'stest11', '2017-10-17 17:39:55', '::1', 8),
(128, 'stest1', 6, 2, '列表', '2017-10-17 17:40:00', '::1', 2),
(129, 'stest1', 6, 4, '列表', '2017-10-17 17:43:15', '::1', 2),
(130, 'test1', 6, 4, '列表', '2017-10-17 17:43:17', '127.0.0.1', 2),
(131, 'stest1', 6, 4, 'id:1', '2017-10-17 17:45:27', '::1', 8),
(132, 'stest1', 6, 1, '列表', '2017-10-17 17:45:41', '::1', 2),
(133, 'test1', 6, 1, '列表', '2017-10-17 17:45:44', '127.0.0.1', 2),
(134, 'stest1', 6, 2, '列表', '2017-10-17 17:46:12', '::1', 2),
(135, 'stest1', 6, 1, '列表', '2017-10-17 17:46:13', '::1', 2),
(136, 'admin', 6, 7, '列表', '2017-10-17 18:01:21', '::1', 2),
(137, 'stest1', 6, 1, 'newtest2', '2017-10-17 18:02:16', '::1', 4),
(138, 'stest1', 6, 1, 'newtest2', '2017-10-17 18:02:42', '::1', 8),
(139, 'stest1', 6, 1, '1筆資料(\'16\')', '2017-10-17 18:04:06', '::1', 16),
(140, 'stest1', 6, 1, 'newtest2', '2017-10-17 18:05:59', '::1', 4),
(141, 'stest1', 6, 1, 'newtest2', '2017-10-17 18:06:32', '::1', 8),
(142, 'stest1', 6, 1, '列表', '2017-10-17 18:06:39', '::1', 2),
(143, 'stest1', 6, 2, '列表', '2017-10-17 18:20:22', '::1', 2),
(144, 'stest1', 6, 1, '列表', '2017-10-17 18:20:24', '::1', 2),
(145, 'admin', 6, 3, '列表', '2017-10-17 18:20:29', '::1', 2),
(146, 'admin', 6, 3, 'test1', '2017-10-17 18:21:00', '::1', 8),
(147, 'admin', 11, 1, '列表', '2017-10-17 18:22:06', '::1', 2),
(148, 'admin', 6, 7, '列表', '2017-10-17 18:22:09', '::1', 2),
(149, 'admin', 6, 3, '列表', '2017-10-17 18:22:10', '::1', 2),
(150, 'admin', 6, 7, '列表', '2017-10-17 18:22:12', '::1', 2),
(151, 'stest1', 6, 4, '列表', '2017-10-17 18:22:20', '::1', 2),
(152, 'stest1', 11, 1, '列表', '2017-10-17 18:22:22', '::1', 2),
(153, 'test1', 11, 1, '列表', '2017-10-17 18:22:24', '127.0.0.1', 2),
(154, 'admin', 6, 3, '列表', '2017-10-17 18:28:48', '::1', 2),
(155, 'admin', 6, 7, '列表', '2017-10-17 18:28:50', '::1', 2),
(156, 'admin', 6, 5, '列表', '2017-10-17 18:28:52', '::1', 2),
(157, 'admin', 6, 3, '列表', '2017-10-17 18:28:53', '::1', 2),
(158, 'admin', 6, 3, 'test1', '2017-10-17 18:29:06', '::1', 8),
(159, 'stest1', 11, 1, 'id:7', '2017-10-17 18:31:28', '::1', 4),
(160, 'stest1', 11, 1, '列表', '2017-10-17 18:31:54', '::1', 2),
(161, 'stest1', 11, 1, 'id:7', '2017-10-17 18:33:35', '::1', 8),
(162, 'stest1', 11, 1, '列表', '2017-10-17 18:33:45', '::1', 2),
(163, 'stest1', 11, 2, '列表', '2017-10-17 18:33:53', '::1', 2),
(164, 'test1', 11, 2, '列表', '2017-10-17 18:33:56', '127.0.0.1', 2),
(165, 'stest1', 11, 3, '列表', '2017-10-17 18:33:57', '::1', 2),
(166, 'stest1', 6, 1, '列表', '2017-10-17 18:37:40', '::1', 2),
(167, 'stest1', 6, 2, '列表', '2017-10-17 18:39:56', '::1', 2),
(168, 'stest1', 6, 4, '列表', '2017-10-17 18:39:57', '::1', 2),
(169, 'stest1', 6, 1, '列表', '2017-10-17 18:39:58', '::1', 2),
(170, 'admin', 6, 7, '列表', '2017-10-17 18:40:09', '::1', 2),
(171, 'stest1', 6, 2, '列表', '2017-10-17 18:41:14', '::1', 2),
(172, 'stest1', 11, 1, '列表', '2017-10-17 18:41:17', '::1', 2),
(173, 'stest1', 11, 2, '列表', '2017-10-17 18:41:18', '::1', 2),
(174, 'stest1', 11, 3, '列表', '2017-10-17 18:41:20', '::1', 2),
(175, 'stest1', 8, 1, '列表', '2017-10-17 18:46:23', '::1', 2),
(176, 'stest1', 10, 5, '列表', '2017-10-17 18:46:24', '::1', 2),
(177, 'stest1', 10, 1, '列表', '2017-10-17 18:46:26', '::1', 2),
(178, 'stest1', 10, 2, '列表', '2017-10-17 18:46:27', '::1', 2),
(179, 'stest1', 10, 3, '列表', '2017-10-17 18:46:29', '::1', 2),
(180, 'stest1', 10, 4, '列表', '2017-10-17 18:46:30', '::1', 2),
(181, 'stest1', 10, 5, '列表', '2017-10-17 18:46:31', '::1', 2),
(182, 'stest1', 11, 1, '列表', '2017-10-17 18:49:27', '::1', 2),
(183, 'stest1', 6, 1, '列表', '2017-10-17 18:49:35', '::1', 2),
(184, 'stest1', 0, 0, '代理人列表 id:70', '2017-10-17 18:49:50', '::1', 1),
(185, 'admin', 12, 1, '列表', '2017-10-17 18:58:19', '::1', 2),
(186, 'stest1', 8, 1, '列表', '2017-10-17 19:00:32', '::1', 2),
(187, 'test1', 10, 5, '列表', '2017-10-17 19:02:02', '127.0.0.1', 2),
(188, 'stest1', 10, 5, '列表', '2017-10-17 19:02:18', '::1', 2),
(189, 'test1', 10, 1, '列表', '2017-10-17 19:02:21', '127.0.0.1', 2),
(190, 'stest1', 10, 1, '列表', '2017-10-17 19:02:22', '::1', 2),
(191, 'stest1', 10, 2, '列表', '2017-10-17 19:07:16', '::1', 2),
(192, 'stest1', 10, 3, '列表', '2017-10-17 19:07:17', '::1', 2),
(193, 'stest1', 10, 4, '列表', '2017-10-17 19:07:18', '::1', 2),
(194, 'stest1', 6, 1, '列表', '2017-10-17 19:07:58', '::1', 2),
(195, 'stest1', 6, 2, '列表', '2017-10-17 19:07:59', '::1', 2),
(196, 'test1', 0, 0, 'test1登入成功', '2017-10-18 12:45:22', '::1', 1),
(197, 'test1', 10, 5, '列表', '2017-10-18 12:45:25', '::1', 2),
(198, 'test1', 8, 1, '列表', '2017-10-18 12:45:27', '::1', 2),
(199, 'stest1', 0, 0, 'stest1登入成功', '2017-10-18 12:45:38', '::1', 1),
(200, 'admin', 0, 0, 'admin登入成功', '2017-10-18 15:11:38', '127.0.0.1', 1),
(201, 'admin', 6, 3, '列表', '2017-10-18 15:13:56', '127.0.0.1', 2),
(202, 'admin', 11, 1, '列表', '2017-10-18 15:14:35', '127.0.0.1', 2),
(203, 'admin', 11, 4, '列表', '2017-10-18 15:14:39', '127.0.0.1', 2),
(204, 'admin', 11, 2, '列表', '2017-10-18 15:14:43', '127.0.0.1', 2),
(205, 'admin', 11, 1, '列表', '2017-10-18 15:14:48', '127.0.0.1', 2),
(206, 'admin', 6, 3, '列表', '2017-10-18 15:14:53', '127.0.0.1', 2),
(207, 'stest1', 6, 1, '列表', '2017-10-18 15:35:08', '::1', 2),
(208, 'stest1', 6, 2, '列表', '2017-10-18 15:35:32', '::1', 2),
(209, 'stest1', 6, 4, '列表', '2017-10-18 15:37:04', '::1', 2),
(210, 'test1', 11, 1, '列表', '2017-10-18 15:37:08', '::1', 2),
(211, 'stest1', 8, 1, '列表', '2017-10-18 15:40:53', '::1', 2),
(212, 'stest1', 10, 5, '列表', '2017-10-18 15:40:55', '::1', 2),
(213, 'stest1', 10, 2, '列表', '2017-10-18 15:40:56', '::1', 2),
(214, 'stest1', 10, 1, '列表', '2017-10-18 15:40:57', '::1', 2),
(215, 'stest1', 10, 2, '列表', '2017-10-18 15:40:58', '::1', 2),
(216, 'stest1', 10, 3, '列表', '2017-10-18 15:40:58', '::1', 2),
(217, 'stest1', 10, 4, '列表', '2017-10-18 15:40:59', '::1', 2),
(218, 'stest1', 8, 1, '列表', '2017-10-18 15:54:08', '::1', 2),
(219, 'admin', 0, 0, 'admin登入成功', '2017-10-18 15:55:52', '127.0.0.1', 1),
(220, 'admin', 10, 5, '列表', '2017-10-18 15:55:56', '127.0.0.1', 2),
(221, 'admin', 10, 1, '列表', '2017-10-18 15:55:57', '127.0.0.1', 2),
(222, 'admin', 9, 1, '列表', '2017-10-18 15:56:23', '127.0.0.1', 2),
(223, 'admin', 9, 2, '列表', '2017-10-18 15:56:25', '127.0.0.1', 2),
(224, 'admin', 9, 2, ' id:19', '2017-10-18 15:57:28', '127.0.0.1', 8),
(225, 'test2', 0, 0, 'test2登入成功', '2017-10-18 15:58:39', '127.0.0.1', 1),
(226, 'test2', 11, 1, '列表', '2017-10-18 15:58:45', '127.0.0.1', 2),
(227, 'test2', 6, 1, '列表', '2017-10-18 15:58:46', '127.0.0.1', 2),
(228, 'test2', 6, 2, '列表', '2017-10-18 16:04:08', '127.0.0.1', 2),
(229, 'test2', 6, 1, '列表', '2017-10-18 16:04:41', '127.0.0.1', 2),
(230, 'test2', 6, 1, 'test2', '2017-10-18 16:05:46', '127.0.0.1', 8),
(231, 'test2', 6, 1, 'test3', '2017-10-18 16:06:08', '127.0.0.1', 8),
(232, 'test2', 0, 0, '代理人列表 id:50', '2017-10-18 16:06:21', '127.0.0.1', 1),
(233, 'admin', 1, 1, '列表', '2017-10-18 16:07:30', '127.0.0.1', 2),
(234, 'admin', 9, 2, '列表', '2017-10-18 16:08:47', '127.0.0.1', 2),
(235, 'test2', 6, 1, '列表', '2017-10-18 16:10:00', '127.0.0.1', 2),
(236, 'admin', 1, 1, '列表', '2017-10-18 16:10:07', '127.0.0.1', 2),
(237, 'stest1', 6, 2, '列表', '2017-10-18 16:10:31', '::1', 2),
(238, 'stest1', 6, 4, '列表', '2017-10-18 16:10:32', '::1', 2),
(239, 'test1', 6, 4, '列表', '2017-10-18 16:10:35', '::1', 2),
(240, 'admin', 6, 3, '列表', '2017-10-18 16:10:42', '127.0.0.1', 2),
(241, 'admin', 6, 3, 'test1', '2017-10-18 16:10:55', '127.0.0.1', 8),
(242, 'admin', 6, 3, '列表', '2017-10-18 16:11:00', '127.0.0.1', 2),
(243, 'stest1', 0, 0, 'stest1登入成功', '2017-10-18 16:11:18', '::1', 1),
(244, 'test1', 0, 0, 'test1登入成功', '2017-10-18 16:11:27', '::1', 1),
(245, 'test1', 6, 1, '列表', '2017-10-18 16:11:38', '::1', 2),
(246, 'test1', 6, 4, '列表', '2017-10-18 16:11:42', '::1', 2),
(247, 'stest1', 6, 4, '列表', '2017-10-18 16:11:44', '::1', 2),
(248, 'stest1', 6, 4, 'id:1', '2017-10-18 16:14:19', '::1', 8),
(249, 'stest1', 11, 1, '列表', '2017-10-18 16:14:26', '::1', 2),
(250, 'test1', 11, 1, '列表', '2017-10-18 16:14:32', '::1', 2),
(251, 'test1', 11, 2, '列表', '2017-10-18 16:14:36', '::1', 2),
(252, 'test1', 11, 1, '列表', '2017-10-18 16:14:39', '::1', 2),
(253, 'stest1', 0, 0, 'stest1登入成功', '2017-10-18 16:36:55', '::1', 1),
(254, 'stest1', 8, 1, '列表', '2017-10-18 16:37:00', '::1', 2),
(255, 'stest1', 6, 1, '列表', '2017-10-18 16:37:04', '::1', 2),
(256, 'stest1', 3, 1, '列表', '2017-10-18 16:37:07', '::1', 2),
(257, 'stest1', 3, 2, '列表', '2017-10-18 16:37:11', '::1', 2),
(258, 'stest1', 6, 2, '列表', '2017-10-18 16:41:32', '::1', 2),
(259, 'stest1', 6, 4, '列表', '2017-10-18 16:41:34', '::1', 2),
(260, 'stest1', 8, 1, '列表', '2017-10-18 16:43:40', '::1', 2),
(261, 'stest1', 10, 5, '列表', '2017-10-18 16:43:43', '::1', 2),
(262, 'stest1', 10, 2, '列表', '2017-10-18 16:43:44', '::1', 2),
(263, 'stest1', 10, 1, '列表', '2017-10-18 16:43:45', '::1', 2),
(264, 'stest1', 10, 3, '列表', '2017-10-18 16:43:46', '::1', 2),
(265, 'stest1', 10, 4, '列表', '2017-10-18 16:43:46', '::1', 2),
(266, 'stest1', 10, 1, '列表', '2017-10-18 16:43:47', '::1', 2),
(267, 'stest1', 8, 1, '列表', '2017-10-18 16:43:48', '::1', 2),
(268, 'stest1', 11, 1, '列表', '2017-10-18 17:35:12', '::1', 2),
(269, 'stest1', 6, 1, '列表', '2017-10-18 17:42:35', '::1', 2),
(270, 'stest1', 6, 2, '列表', '2017-10-18 17:42:36', '::1', 2),
(271, 'test1', 11, 2, '列表', '2017-10-18 17:42:45', '::1', 2),
(272, 'test1', 6, 1, '列表', '2017-10-18 17:42:47', '::1', 2),
(273, 'stest1', 6, 1, '列表', '2017-10-18 17:42:51', '::1', 2),
(274, 'stest1', 6, 2, '列表', '2017-10-18 17:42:53', '::1', 2),
(275, 'stest1', 6, 1, '列表', '2017-10-18 17:44:06', '::1', 2),
(276, 'admin', 6, 7, '列表', '2017-10-18 17:46:27', '127.0.0.1', 2),
(277, 'admin', 12, 1, '列表', '2017-10-18 18:01:03', '127.0.0.1', 2),
(278, 'admin', 11, 3, '列表', '2017-10-18 18:14:44', '127.0.0.1', 2),
(279, 'stest1', 10, 5, '列表', '2017-10-18 18:33:29', '::1', 2),
(280, 'stest1', 10, 3, '列表', '2017-10-18 18:33:30', '::1', 2),
(281, 'stest1', 10, 2, '列表', '2017-10-18 18:33:31', '::1', 2),
(282, 'stest1', 10, 1, '列表', '2017-10-18 18:33:34', '::1', 2),
(283, 'stest1', 10, 2, '列表', '2017-10-18 18:33:36', '::1', 2),
(284, 'stest1', 0, 0, 'stest1登入成功', '2017-10-19 15:54:35', '::1', 1),
(285, 'stest1', 6, 1, '列表', '2017-10-19 15:54:41', '::1', 2),
(286, 'admin', 0, 0, 'admin登入成功', '2017-10-23 12:22:23', '::1', 1),
(287, 'admin', 1, 1, '列表', '2017-10-23 12:22:28', '::1', 2),
(288, 'admin', 0, 0, 'admin登入成功', '2017-10-23 16:08:07', '::1', 1),
(289, 'admin', 6, 5, '列表', '2017-10-23 16:08:14', '::1', 2),
(290, 'admin', 6, 7, '列表', '2017-10-23 17:34:07', '::1', 2),
(291, 'admin', 3, 1, '列表', '2017-10-23 17:34:10', '::1', 2),
(292, 'admin', 0, 0, 'admin登入成功', '2017-10-27 11:34:28', '::1', 1),
(293, 'admin', 0, 0, 'admin登入成功', '2017-10-30 16:26:12', '::1', 1),
(294, 'admin', 6, 3, '列表', '2017-10-30 16:26:16', '::1', 2),
(295, 'admin', 6, 7, '列表', '2017-10-30 16:26:17', '::1', 2),
(296, 'admin', 10, 1, '列表', '2017-10-30 16:26:19', '::1', 2),
(297, 'admin', 0, 0, 'admin登入失敗-帳密不正確', '2017-10-30 16:41:26', '::1', 1),
(298, 'admin', 0, 0, 'admin登入成功', '2017-10-30 16:41:31', '::1', 1),
(299, 'admin', 10, 1, '列表', '2017-10-30 16:41:35', '::1', 2),
(300, 'admin', 10, 1, '列表', '2017-10-30 18:18:41', '::1', 2),
(301, 'admin', 0, 0, 'admin????', '2017-11-16 15:14:01', '127.0.0.1', 1),
(302, 'admin', 2, 1, '??', '2017-11-16 15:14:25', '127.0.0.1', 2),
(303, 'admin', 0, 0, 'admin????', '2017-11-16 15:15:30', '127.0.0.1', 1),
(304, 'admin', 0, 0, 'admin????', '2017-11-16 15:18:18', '127.0.0.1', 1),
(305, 'admin', 0, 0, 'admin????', '2017-11-16 15:18:55', '127.0.0.1', 1),
(306, 'admin', 2, 1, '??', '2017-11-16 15:29:36', '127.0.0.1', 2),
(307, 'admin', 1, 1, '??', '2017-11-16 15:32:48', '127.0.0.1', 2),
(308, 'admin', 1, 1, '??', '2017-11-16 15:54:48', '127.0.0.1', 2),
(309, 'admin', 2, 1, '??', '2017-11-16 15:54:59', '127.0.0.1', 2),
(310, 'admin', 2, 1, '??', '2017-11-16 16:22:36', '127.0.0.1', 2),
(311, 'admin', 3, 2, '??', '2017-11-16 16:23:19', '127.0.0.1', 2),
(312, 'admin', 1, 1, '??', '2017-11-16 16:38:58', '127.0.0.1', 2),
(313, 'admin', 3, 2, '??', '2017-11-16 16:39:00', '127.0.0.1', 2),
(314, 'admin', 3, 2, 'test id:6', '2017-11-16 16:48:36', '127.0.0.1', 4),
(315, 'admin', 3, 2, '??', '2017-11-16 16:54:26', '127.0.0.1', 2),
(316, 'admin', 3, 2, 'test id:7', '2017-11-16 17:10:08', '127.0.0.1', 4),
(317, 'admin', 3, 2, '??', '2017-11-16 17:12:43', '127.0.0.1', 2),
(318, 'admin', 3, 2, 'test111111 id:7', '2017-11-16 17:12:55', '127.0.0.1', 8),
(319, 'admin', 3, 2, '1???(\'7\')', '2017-11-16 17:13:03', '127.0.0.1', 16),
(320, 'admin', 3, 2, 'test id:6', '2017-11-16 17:19:49', '127.0.0.1', 8),
(321, 'admin', 3, 2, '??', '2017-11-16 17:19:51', '127.0.0.1', 2),
(322, 'admin', 2, 1, '??', '2017-11-16 17:19:58', '127.0.0.1', 2),
(323, 'admin', 3, 2, '??', '2017-11-16 17:20:01', '127.0.0.1', 2),
(324, 'admin', 2, 1, '??', '2017-11-16 17:20:50', '127.0.0.1', 2),
(325, 'admin', 2, 1, '??', '2017-11-16 17:35:56', '127.0.0.1', 2),
(326, 'admin', 3, 2, '??', '2017-11-16 17:36:00', '127.0.0.1', 2),
(327, 'admin', 0, 0, 'admin????', '2017-11-16 17:37:08', '127.0.0.1', 1),
(328, 'admin', 3, 2, '??', '2017-11-16 17:37:12', '127.0.0.1', 2),
(329, 'admin', 2, 1, '??', '2017-11-16 17:45:30', '127.0.0.1', 2),
(330, 'admin', 0, 0, 'admin????', '2017-11-17 09:19:17', '127.0.0.1', 1),
(331, 'admin', 3, 2, '??', '2017-11-17 09:20:36', '127.0.0.1', 2),
(332, 'admin', 3, 2, '??', '2017-11-17 09:20:40', '127.0.0.1', 8),
(333, 'admin', 3, 2, '??', '2017-11-17 09:39:52', '127.0.0.1', 2),
(334, 'admin', 0, 0, 'admin????', '2017-11-17 09:40:12', '127.0.0.1', 1),
(335, 'admin', 3, 2, '??', '2017-11-17 09:41:22', '127.0.0.1', 2),
(336, 'admin', 1, 1, '??', '2017-11-17 09:53:14', '127.0.0.1', 2),
(337, 'admin', 0, 0, 'admin????', '2017-11-17 10:05:57', '127.0.0.1', 1),
(338, 'admin', 3, 2, '??', '2017-11-17 10:14:07', '127.0.0.1', 2),
(339, 'admin', 2, 1, '??', '2017-11-17 10:15:28', '127.0.0.1', 2),
(340, 'admin', 0, 0, 'admin????', '2017-11-17 10:17:40', '127.0.0.1', 1),
(341, 'admin', 3, 2, '??', '2017-11-17 10:23:35', '127.0.0.1', 2),
(342, 'admin', 2, 1, '??', '2017-11-17 10:23:41', '127.0.0.1', 2),
(343, 'admin', 2, 3, '??', '2017-11-17 10:23:42', '127.0.0.1', 2),
(344, 'admin', 1, 1, '??', '2017-11-17 10:23:44', '127.0.0.1', 2),
(345, 'admin', 3, 2, '??', '2017-11-17 10:37:59', '127.0.0.1', 2),
(346, 'admin', 2, 1, '??', '2017-11-17 10:47:42', '127.0.0.1', 2),
(347, 'admin', 2, 3, '??', '2017-11-17 10:47:45', '127.0.0.1', 2),
(348, 'admin', 1, 1, '??', '2017-11-17 10:47:47', '127.0.0.1', 2),
(349, 'admin', 2, 1, '??', '2017-11-17 10:47:49', '127.0.0.1', 2),
(350, 'admin', 3, 2, '??', '2017-11-17 11:05:00', '127.0.0.1', 2),
(351, 'admin', 2, 1, '??', '2017-11-17 11:05:42', '127.0.0.1', 2),
(352, 'admin', 2, 3, '??', '2017-11-17 11:05:51', '127.0.0.1', 2),
(353, 'admin', 1, 1, '??', '2017-11-17 11:05:58', '127.0.0.1', 2),
(354, 'admin', 3, 2, '??', '2017-11-17 11:06:11', '127.0.0.1', 2),
(355, 'admin', 2, 1, '??', '2017-11-17 11:49:01', '127.0.0.1', 2),
(356, 'admin', 0, 0, 'admin????', '2017-11-17 11:49:38', '127.0.0.1', 1),
(357, 'admin', 3, 2, '??', '2017-11-17 12:22:17', '127.0.0.1', 2),
(358, 'admin', 2, 1, '??', '2017-11-17 12:22:20', '127.0.0.1', 2),
(359, 'admin', 2, 1, '??', '2017-11-17 16:29:08', '127.0.0.1', 2),
(360, 'admin', 2, 3, '??', '2017-11-17 16:29:09', '127.0.0.1', 2),
(361, 'admin', 1, 1, '??', '2017-11-17 16:29:10', '127.0.0.1', 2),
(362, 'admin', 3, 2, '??', '2017-11-17 16:46:22', '127.0.0.1', 2),
(363, 'admin', 2, 1, '??', '2017-11-17 16:49:40', '127.0.0.1', 2),
(364, 'admin', 2, 3, '??', '2017-11-17 16:49:44', '127.0.0.1', 2),
(365, 'admin', 3, 2, '??', '2017-11-17 16:49:56', '127.0.0.1', 2),
(366, 'admin', 1, 1, '??', '2017-11-17 16:50:10', '127.0.0.1', 2),
(367, 'admin', 3, 2, '??', '2017-11-17 16:50:13', '127.0.0.1', 2),
(368, 'admin', 3, 2, '??', '2017-11-17 16:50:24', '127.0.0.1', 8),
(369, 'admin', 2, 1, '??', '2017-11-17 16:50:33', '127.0.0.1', 2),
(370, 'admin', 2, 3, '??', '2017-11-17 16:50:34', '127.0.0.1', 2),
(371, 'admin', 3, 2, '??', '2017-11-17 16:50:37', '127.0.0.1', 2),
(372, 'admin', 2, 1, '??', '2017-11-17 16:54:02', '127.0.0.1', 2),
(373, 'admin', 3, 2, '??', '2017-11-17 16:54:11', '127.0.0.1', 2),
(374, 'admin', 2, 1, '??', '2017-11-17 16:59:41', '127.0.0.1', 2),
(375, 'admin', 1, 1, '??', '2017-11-17 16:59:48', '127.0.0.1', 2),
(376, 'admin', 3, 2, '??', '2017-11-17 16:59:51', '127.0.0.1', 2),
(377, 'admin', 3, 2, '??', '2017-11-17 17:14:00', '127.0.0.1', 8),
(378, 'admin', 2, 1, '??', '2017-11-17 17:14:17', '127.0.0.1', 2),
(379, 'admin', 2, 3, '??', '2017-11-17 17:14:23', '127.0.0.1', 2),
(380, 'admin', 2, 1, '??', '2017-11-17 17:14:59', '127.0.0.1', 2),
(381, 'admin', 1, 1, '??', '2017-11-17 17:23:14', '127.0.0.1', 2),
(382, 'admin', 3, 2, '??', '2017-11-17 17:23:20', '127.0.0.1', 2),
(383, 'admin', 0, 0, 'admin????', '2017-11-17 17:23:57', '127.0.0.1', 1),
(384, 'admin', 3, 2, '??', '2017-11-17 17:24:01', '127.0.0.1', 2),
(385, 'admin', 3, 2, '??', '2017-11-17 17:26:51', '127.0.0.1', 8),
(386, 'admin', 2, 1, '??', '2017-11-17 17:28:05', '127.0.0.1', 2),
(387, 'admin', 3, 2, '??', '2017-11-17 17:30:09', '127.0.0.1', 2),
(388, 'admin', 2, 1, '??', '2017-11-17 17:30:13', '127.0.0.1', 2),
(389, 'admin', 1, 1, '??', '2017-11-20 09:16:11', '127.0.0.1', 2),
(390, 'admin', 2, 1, '??', '2017-11-20 09:27:13', '127.0.0.1', 2),
(391, 'admin', 2, 3, '??', '2017-11-20 09:36:01', '127.0.0.1', 2),
(392, 'admin', 3, 2, '??', '2017-11-20 09:37:38', '127.0.0.1', 2),
(393, 'admin', 3, 2, '??', '2017-11-20 09:39:10', '127.0.0.1', 8),
(394, 'admin', 2, 1, '??', '2017-11-20 09:39:14', '127.0.0.1', 2),
(395, 'admin', 3, 2, '??', '2017-11-20 09:39:20', '127.0.0.1', 2),
(396, 'admin', 2, 1, '??', '2017-11-20 10:08:07', '127.0.0.1', 2),
(397, 'admin', 0, 0, 'admin????', '2017-11-20 10:20:01', '127.0.0.1', 1),
(398, 'admin', 2, 1, '??', '2017-11-20 10:22:34', '127.0.0.1', 2),
(399, 'admin', 1, 1, '??', '2017-11-20 10:23:00', '127.0.0.1', 2),
(400, 'admin', 2, 1, '??', '2017-11-20 10:24:34', '127.0.0.1', 2),
(401, 'admin', 2, 3, '??', '2017-11-20 10:25:37', '127.0.0.1', 2),
(402, 'admin', 1, 1, '??', '2017-11-20 10:25:40', '127.0.0.1', 2),
(403, 'admin', 2, 1, '??', '2017-11-20 10:25:49', '127.0.0.1', 2),
(404, 'admin', 2, 3, '??', '2017-11-20 10:48:00', '127.0.0.1', 2),
(405, 'admin', 1, 1, '??', '2017-11-20 10:48:03', '127.0.0.1', 2),
(406, 'admin', 2, 1, '??', '2017-11-20 10:48:12', '127.0.0.1', 2),
(407, 'admin', 2, 1, 'pllai@degather.com', '2017-11-20 10:48:50', '127.0.0.1', 8),
(408, 'admin', 1, 1, '??', '2017-11-20 10:48:54', '127.0.0.1', 2),
(409, 'admin', 2, 1, '??', '2017-11-20 10:49:12', '127.0.0.1', 2),
(410, 'admin', 2, 3, '??', '2017-11-20 10:49:30', '127.0.0.1', 2),
(411, 'admin', 2, 1, '??', '2017-11-20 10:49:37', '127.0.0.1', 2),
(412, 'admin', 3, 2, '??', '2017-11-20 10:49:44', '127.0.0.1', 2),
(413, 'admin', 2, 1, '??', '2017-11-20 10:49:46', '127.0.0.1', 2),
(414, 'admin', 3, 2, '??', '2017-11-22 16:08:02', '127.0.0.1', 2),
(415, 'admin', 1, 1, '??', '2017-11-22 16:10:15', '127.0.0.1', 2),
(416, 'admin', 2, 1, '??', '2017-11-22 16:10:32', '127.0.0.1', 2),
(417, 'admin', 1, 1, '??', '2017-11-22 16:11:55', '127.0.0.1', 2),
(418, 'admin', 1, 1, '1???(\'11\')', '2017-11-22 16:12:10', '127.0.0.1', 16),
(419, 'admin', 1, 1, '5???(\'10\',\'9\',\'8\',\'7\',\'6\')', '2017-11-22 16:12:21', '127.0.0.1', 16),
(420, 'admin', 1, 1, '??', '2017-11-22 16:12:45', '127.0.0.1', 2),
(421, 'admin', 3, 2, '??', '2017-11-22 16:19:29', '127.0.0.1', 2),
(422, 'admin', 3, 2, '1???(\'4\')', '2017-11-22 16:25:47', '127.0.0.1', 16),
(423, 'admin', 3, 2, '5???(\'6\',\'5\',\'3\',\'2\',\'1\')', '2017-11-22 16:25:51', '127.0.0.1', 16),
(424, 'admin', 3, 2, 'test id:8', '2017-11-22 16:26:08', '127.0.0.1', 4),
(425, 'admin', 3, 2, '??', '2017-11-22 16:27:41', '127.0.0.1', 2),
(426, 'admin', 1, 1, '??', '2017-11-22 16:45:42', '127.0.0.1', 2),
(427, 'admin', 3, 2, '??', '2017-11-22 16:45:57', '127.0.0.1', 2),
(428, 'admin', 1, 1, '??', '2017-11-22 16:56:38', '127.0.0.1', 2),
(429, 'admin', 3, 2, '??', '2017-11-22 16:56:42', '127.0.0.1', 2),
(430, 'admin', 1, 1, '??', '2017-11-22 17:10:14', '127.0.0.1', 2),
(431, 'admin', 3, 2, '??', '2017-11-22 17:11:51', '127.0.0.1', 2),
(432, 'admin', 3, 2, 'test id:12', '2017-11-22 17:26:50', '127.0.0.1', 4),
(433, 'admin', 3, 2, 'test id:13', '2017-11-22 17:26:56', '127.0.0.1', 4),
(434, 'admin', 3, 2, '??', '2017-11-22 17:27:00', '127.0.0.1', 2),
(435, 'admin', 2, 1, '??', '2017-11-22 17:31:08', '127.0.0.1', 2),
(436, 'admin', 1, 1, '??', '2017-11-22 17:31:14', '127.0.0.1', 2),
(437, 'admin', 3, 2, '??', '2017-11-22 17:31:18', '127.0.0.1', 2),
(438, 'admin', 3, 2, 'test id:14', '2017-11-22 17:50:44', '127.0.0.1', 4),
(439, 'admin', 3, 2, '??', '2017-11-22 17:50:47', '127.0.0.1', 2),
(440, 'admin', 0, 0, 'admin????', '2017-11-23 09:32:28', '127.0.0.1', 1),
(441, 'admin', 3, 2, '??', '2017-11-23 09:32:33', '127.0.0.1', 2),
(442, 'admin', 2, 1, '??', '2017-11-23 09:41:52', '127.0.0.1', 2),
(443, 'admin', 2, 1, '??', '2017-11-23 09:44:53', '127.0.0.1', 2),
(444, 'admin', 9, 1, '??', '2017-11-23 09:48:07', '127.0.0.1', 2),
(445, 'admin', 2, 1, '??', '2017-11-23 09:54:16', '127.0.0.1', 2),
(446, 'admin', 12, 1, '??', '2017-11-23 09:54:44', '127.0.0.1', 2),
(447, 'admin', 2, 1, '??', '2017-11-23 09:58:59', '127.0.0.1', 2),
(448, 'admin', 12, 1, '??', '2017-11-23 10:01:21', '127.0.0.1', 2),
(449, 'admin', 12, 1, 'test id:3', '2017-11-23 10:25:27', '127.0.0.1', 4),
(450, 'admin', 12, 1, '1???(\'3\')', '2017-11-23 10:25:46', '127.0.0.1', 16),
(451, 'admin', 12, 1, '1???(\'2\')', '2017-11-23 10:25:54', '127.0.0.1', 16),
(452, 'admin', 12, 1, '1???(\'1\')', '2017-11-23 10:25:58', '127.0.0.1', 16),
(453, 'admin', 12, 1, 'test id:4', '2017-11-23 10:26:23', '127.0.0.1', 4),
(454, 'admin', 12, 1, '??', '2017-11-23 10:48:35', '127.0.0.1', 2),
(455, 'admin', 12, 1, 'test id:5', '2017-11-23 11:06:39', '127.0.0.1', 4),
(456, 'admin', 12, 1, '??', '2017-11-23 11:07:27', '127.0.0.1', 2),
(457, 'admin', 12, 1, '1???(\'5\')', '2017-11-23 11:09:59', '127.0.0.1', 16),
(458, 'admin', 12, 1, '??', '2017-11-23 11:11:38', '127.0.0.1', 2),
(459, 'admin', 12, 1, '??', '2017-11-23 11:21:00', '127.0.0.1', 2),
(460, 'admin', 12, 1, '??', '2017-11-23 11:27:53', '127.0.0.1', 2),
(461, 'admin', 12, 1, '??', '2017-11-23 11:30:55', '127.0.0.1', 2),
(462, 'admin', 12, 1, 'test id:4', '2017-11-23 11:45:30', '127.0.0.1', 8),
(463, 'admin', 12, 1, '??', '2017-11-23 11:46:46', '127.0.0.1', 2),
(464, 'admin', 12, 1, 'test id:4', '2017-11-23 11:49:47', '127.0.0.1', 8),
(465, 'admin', 12, 1, '??', '2017-11-23 11:49:57', '127.0.0.1', 2),
(466, 'admin', 12, 1, '??? id:6', '2017-11-23 11:50:50', '127.0.0.1', 4),
(467, 'admin', 12, 1, '??', '2017-11-23 11:52:12', '127.0.0.1', 2),
(468, 'admin', 12, 1, '陳小名 id:7', '2017-11-23 11:54:50', '127.0.0.1', 4),
(469, 'admin', 12, 1, '1筆資料(\'6\')', '2017-11-23 11:55:10', '127.0.0.1', 16),
(470, 'admin', 12, 1, '列表', '2017-11-23 11:56:13', '127.0.0.1', 2),
(471, 'admin', 3, 1, '列表', '2017-11-23 12:19:17', '127.0.0.1', 2),
(472, 'admin', 3, 2, '列表', '2017-11-23 12:20:18', '127.0.0.1', 2),
(473, 'admin', 3, 2, '1筆資料(\'7\')', '2017-11-23 12:20:31', '127.0.0.1', 16),
(474, 'admin', 3, 2, '列表', '2017-11-23 12:27:51', '127.0.0.1', 2),
(475, 'admin', 1, 1, '列表', '2017-11-23 13:47:17', '127.0.0.1', 2),
(476, 'admin', 3, 2, '列表', '2017-11-23 13:47:35', '127.0.0.1', 2),
(477, 'admin', 3, 2, '列表', '2017-11-23 13:57:37', '127.0.0.1', 2),
(478, 'admin', 3, 2, 'test id:4', '2017-11-23 14:02:29', '127.0.0.1', 8),
(479, 'admin', 3, 2, '列表', '2017-11-23 14:03:26', '127.0.0.1', 2),
(480, 'admin', 3, 2, '列表', '2017-11-23 14:09:21', '127.0.0.1', 2),
(481, 'admin', 3, 2, '工商01 id:8', '2017-11-23 14:23:22', '127.0.0.1', 4),
(482, 'admin', 3, 2, '列表', '2017-11-23 14:24:12', '127.0.0.1', 2),
(483, 'admin', 3, 2, '工商01 id:8', '2017-11-23 14:24:21', '127.0.0.1', 8),
(484, 'admin', 3, 2, '列表', '2017-11-23 14:25:46', '127.0.0.1', 2),
(485, 'admin', 3, 2, '1筆資料(\'4\')', '2017-11-23 14:29:27', '127.0.0.1', 16),
(486, 'admin', 3, 2, '列表', '2017-11-23 14:31:32', '127.0.0.1', 2),
(487, 'admin', 3, 2, '工商01 id:8', '2017-11-23 14:37:33', '127.0.0.1', 8),
(488, 'admin', 3, 2, '列表', '2017-11-23 14:38:05', '127.0.0.1', 2),
(489, 'admin', 3, 2, '工商02 id:9', '2017-11-23 14:41:00', '127.0.0.1', 4),
(490, 'admin', 1, 1, '列表', '2017-11-23 14:41:42', '127.0.0.1', 2),
(491, 'admin', 3, 2, '列表', '2017-11-23 14:41:53', '127.0.0.1', 2),
(492, 'admin', 3, 1, '列表', '2017-11-23 14:50:47', '127.0.0.1', 2),
(493, 'admin', 3, 1, '陳小名 id:7', '2017-11-23 14:57:39', '127.0.0.1', 8),
(494, 'admin', 3, 1, '列表', '2017-11-23 14:57:42', '127.0.0.1', 2),
(495, 'admin', 3, 2, '列表', '2017-11-23 14:58:43', '127.0.0.1', 2),
(496, 'admin', 3, 1, '列表', '2017-11-23 14:58:44', '127.0.0.1', 2),
(497, 'admin', 3, 2, '列表', '2017-11-23 15:12:48', '127.0.0.1', 2),
(498, 'admin', 3, 1, '列表', '2017-11-23 15:12:49', '127.0.0.1', 2),
(499, 'admin', 3, 2, '列表', '2017-11-23 15:29:42', '127.0.0.1', 2),
(500, 'admin', 3, 1, '列表', '2017-11-23 15:29:43', '127.0.0.1', 2),
(501, 'admin', 3, 1, '陳小名 id:7', '2017-11-23 15:42:17', '127.0.0.1', 8),
(502, 'admin', 3, 1, 'test id:4', '2017-11-23 15:42:30', '127.0.0.1', 8),
(503, 'admin', 3, 1, '1筆資料(\'4\')', '2017-11-23 15:42:34', '127.0.0.1', 16),
(504, 'admin', 3, 1, 'test id:8', '2017-11-23 15:42:49', '127.0.0.1', 4),
(505, 'admin', 3, 1, '1筆資料(\'8\')', '2017-11-23 15:42:59', '127.0.0.1', 16),
(506, 'admin', 3, 1, '樂付001 id:9', '2017-11-23 15:43:47', '127.0.0.1', 4),
(507, 'admin', 3, 1, '列表', '2017-11-23 15:44:27', '127.0.0.1', 2),
(508, 'admin', 3, 2, '列表', '2017-11-23 15:44:49', '127.0.0.1', 2),
(509, 'admin', 3, 1, '列表', '2017-11-23 15:44:50', '127.0.0.1', 2),
(510, 'admin', 3, 2, '列表', '2017-11-23 15:45:48', '127.0.0.1', 2),
(511, 'admin', 3, 1, '列表', '2017-11-23 15:48:13', '127.0.0.1', 2),
(512, 'admin', 3, 2, '列表', '2017-11-23 15:48:19', '127.0.0.1', 2),
(513, 'admin', 3, 1, '列表', '2017-11-23 15:48:24', '127.0.0.1', 2),
(514, 'admin', 3, 2, '列表', '2017-11-23 15:48:32', '127.0.0.1', 2),
(515, 'admin', 3, 1, '列表', '2017-11-23 15:51:37', '127.0.0.1', 2),
(516, 'admin', 3, 2, '列表', '2017-11-23 15:53:06', '127.0.0.1', 2),
(517, 'admin', 3, 1, '列表', '2017-11-23 15:53:07', '127.0.0.1', 2),
(518, 'admin', 3, 2, '列表', '2017-11-23 15:55:28', '127.0.0.1', 2),
(519, 'admin', 3, 1, '列表', '2017-11-23 15:55:29', '127.0.0.1', 2),
(520, 'admin', 3, 2, '列表', '2017-11-23 15:57:49', '127.0.0.1', 2),
(521, 'admin', 2, 3, '列表', '2017-11-23 15:57:59', '127.0.0.1', 2),
(522, 'admin', 3, 2, '列表', '2017-11-23 15:58:02', '127.0.0.1', 2),
(523, 'admin', 2, 3, '列表', '2017-11-23 15:58:08', '127.0.0.1', 2),
(524, 'admin', 1, 1, '列表', '2017-11-23 15:58:30', '127.0.0.1', 2),
(525, 'admin', 1, 1, '管理 id:2', '2017-11-23 15:58:37', '127.0.0.1', 8),
(526, 'admin', 1, 1, '列表', '2017-11-23 15:58:39', '127.0.0.1', 2),
(527, 'admin', 3, 2, '列表', '2017-11-23 16:08:40', '127.0.0.1', 2),
(528, 'admin', 3, 1, '列表', '2017-11-23 16:08:42', '127.0.0.1', 2),
(529, 'admin', 3, 2, '列表', '2017-11-23 16:08:44', '127.0.0.1', 2),
(530, 'admin', 1, 1, '列表', '2017-11-23 16:08:46', '127.0.0.1', 2),
(531, 'admin', 1, 1, '1筆資料(\'11\')', '2017-11-23 16:09:05', '127.0.0.1', 16),
(532, 'admin', 1, 1, '5筆資料(\'10\',\'9\',\'8\',\'7\',\'6\')', '2017-11-23 16:09:14', '127.0.0.1', 16),
(533, 'admin', 3, 2, '列表', '2017-11-23 16:09:25', '127.0.0.1', 2),
(534, 'admin', 3, 1, '列表', '2017-11-23 16:09:26', '127.0.0.1', 2),
(535, 'admin', 1, 1, '列表', '2017-11-23 16:09:31', '127.0.0.1', 2),
(536, 'admin', 1, 1, '管理 id:2', '2017-11-23 16:09:44', '127.0.0.1', 8),
(537, 'admin', 3, 2, '列表', '2017-11-23 16:09:48', '127.0.0.1', 2),
(538, 'admin', 1, 1, '列表', '2017-11-23 16:09:51', '127.0.0.1', 2),
(539, 'admin', 3, 2, '列表', '2017-11-23 16:10:19', '127.0.0.1', 2),
(540, 'admin', 3, 1, '列表', '2017-11-23 16:10:27', '127.0.0.1', 2),
(541, 'admin', 3, 2, '列表', '2017-11-23 16:10:31', '127.0.0.1', 2),
(542, 'admin', 3, 1, '列表', '2017-11-23 16:11:46', '127.0.0.1', 2),
(543, 'admin', 3, 2, '列表', '2017-11-23 16:11:47', '127.0.0.1', 2),
(544, 'admin', 3, 2, '陳小名 id:7', '2017-11-23 16:25:36', '127.0.0.1', 8),
(545, 'admin', 3, 2, '列表', '2017-11-23 16:26:17', '127.0.0.1', 2),
(546, 'admin', 3, 1, '列表', '2017-11-23 16:31:17', '127.0.0.1', 2),
(547, 'admin', 3, 2, '列表', '2017-11-23 16:31:28', '127.0.0.1', 2),
(548, 'admin', 3, 1, '列表', '2017-11-23 16:36:08', '127.0.0.1', 2),
(549, 'admin', 3, 2, '列表', '2017-11-23 16:36:12', '127.0.0.1', 2),
(550, 'admin', 3, 2, '列表', '2017-11-23 16:39:19', '127.0.0.1', 2),
(551, 'admin', 3, 1, '列表', '2017-11-23 16:45:03', '127.0.0.1', 2),
(552, 'admin', 3, 2, '列表', '2017-11-23 16:45:09', '127.0.0.1', 2),
(553, 'admin', 3, 1, '列表', '2017-11-23 16:45:17', '127.0.0.1', 2),
(554, 'admin', 3, 2, '列表', '2017-11-23 16:45:19', '127.0.0.1', 2),
(555, 'admin', 3, 1, '列表', '2017-11-23 16:46:29', '127.0.0.1', 2),
(556, 'admin', 3, 2, '列表', '2017-11-23 16:46:30', '127.0.0.1', 2),
(557, 'admin', 3, 1, '列表', '2017-11-23 16:46:35', '127.0.0.1', 2),
(558, 'admin', 3, 2, '列表', '2017-11-23 16:46:36', '127.0.0.1', 2),
(559, 'admin', 3, 1, '列表', '2017-11-23 16:47:38', '127.0.0.1', 2),
(560, 'admin', 3, 2, '列表', '2017-11-23 16:47:48', '127.0.0.1', 2),
(561, 'admin', 3, 1, '列表', '2017-11-23 16:47:50', '127.0.0.1', 2),
(562, 'admin', 3, 2, '列表', '2017-11-23 16:48:05', '127.0.0.1', 2),
(563, 'admin', 3, 1, '列表', '2017-11-23 16:48:17', '127.0.0.1', 2),
(564, 'admin', 3, 2, '列表', '2017-11-23 16:48:19', '127.0.0.1', 2),
(565, 'admin', 3, 1, '列表', '2017-11-23 16:48:28', '127.0.0.1', 2),
(566, 'admin', 3, 2, '列表', '2017-11-23 16:49:08', '127.0.0.1', 2),
(567, 'admin', 3, 2, '陳小名 id:7', '2017-11-23 17:10:31', '127.0.0.1', 8),
(568, 'admin', 3, 2, '列表', '2017-11-23 17:11:10', '127.0.0.1', 2),
(569, 'admin', 3, 2, 'teat id:8', '2017-11-23 17:11:34', '127.0.0.1', 4),
(570, 'admin', 3, 2, '1筆資料(\'4\')', '2017-11-23 17:12:43', '127.0.0.1', 16),
(571, 'admin', 3, 2, '列表', '2017-11-23 17:13:13', '127.0.0.1', 2),
(572, 'admin', 3, 1, '列表', '2017-11-23 17:27:49', '127.0.0.1', 2),
(573, 'admin', 3, 2, '列表', '2017-11-23 17:28:09', '127.0.0.1', 2),
(574, 'admin', 3, 1, '列表', '2017-11-23 17:28:14', '127.0.0.1', 2),
(575, 'admin', 3, 2, '列表', '2017-11-23 17:28:17', '127.0.0.1', 2),
(576, 'admin', 3, 1, '列表', '2017-11-23 17:28:36', '127.0.0.1', 2),
(577, 'admin', 3, 2, '列表', '2017-11-23 17:28:38', '127.0.0.1', 2),
(578, 'admin', 3, 1, '列表', '2017-11-23 17:28:43', '127.0.0.1', 2),
(579, 'admin', 1, 1, '列表', '2017-11-23 17:28:54', '127.0.0.1', 2),
(580, 'admin', 2, 1, '列表', '2017-11-23 17:28:58', '127.0.0.1', 2),
(581, 'admin', 2, 3, '列表', '2017-11-23 17:29:01', '127.0.0.1', 2),
(582, 'admin', 1, 1, '列表', '2017-11-23 17:29:21', '127.0.0.1', 2),
(583, 'admin', 3, 1, '列表', '2017-11-23 17:29:24', '127.0.0.1', 2),
(584, 'admin', 3, 2, '列表', '2017-11-23 17:29:26', '127.0.0.1', 2),
(585, 'admin', 3, 1, '列表', '2017-11-23 17:29:28', '127.0.0.1', 2),
(586, 'admin', 3, 2, '列表', '2017-11-23 17:29:36', '127.0.0.1', 2),
(587, 'admin', 3, 1, '列表', '2017-11-23 17:29:53', '127.0.0.1', 2),
(588, 'admin', 3, 2, '列表', '2017-11-23 17:29:55', '127.0.0.1', 2),
(589, 'admin', 3, 1, '列表', '2017-11-23 17:29:56', '127.0.0.1', 2),
(590, 'admin', 3, 2, '列表', '2017-11-23 17:30:04', '127.0.0.1', 2),
(591, 'admin', 3, 1, '列表', '2017-11-23 17:45:00', '127.0.0.1', 2),
(592, 'admin', 0, 0, 'admin登入成功', '2017-11-24 09:50:21', '127.0.0.1', 1),
(593, 'admin', 1, 1, '列表', '2017-11-24 09:50:32', '127.0.0.1', 2),
(594, 'admin', 1, 1, 'aaa id:5', '2017-11-24 09:52:46', '127.0.0.1', 8),
(595, 'admin', 1, 1, '行銷客服 id:5', '2017-11-24 09:53:15', '127.0.0.1', 8),
(596, 'admin', 3, 1, '列表', '2017-11-24 09:53:38', '127.0.0.1', 2),
(597, 'admin', 3, 2, '列表', '2017-11-24 09:53:42', '127.0.0.1', 2),
(598, 'admin', 3, 1, '列表', '2017-11-24 09:54:45', '127.0.0.1', 2),
(599, 'admin', 3, 2, '列表', '2017-11-24 09:54:58', '127.0.0.1', 2),
(600, 'admin', 3, 1, '列表', '2017-11-24 09:55:05', '127.0.0.1', 2),
(601, 'admin', 3, 2, '列表', '2017-11-24 09:55:22', '127.0.0.1', 2),
(602, 'admin', 3, 1, '列表', '2017-11-24 10:02:07', '127.0.0.1', 2),
(603, 'admin', 3, 2, '列表', '2017-11-24 10:02:13', '127.0.0.1', 2),
(604, 'admin', 3, 1, '列表', '2017-11-24 10:02:15', '127.0.0.1', 2),
(605, 'admin', 1, 1, '列表', '2017-11-24 10:02:18', '127.0.0.1', 2),
(606, 'admin', 2, 1, '列表', '2017-11-24 10:02:21', '127.0.0.1', 2),
(607, 'admin', 2, 3, '列表', '2017-11-24 10:02:23', '127.0.0.1', 2),
(608, 'admin', 3, 1, '列表', '2017-11-24 10:05:07', '127.0.0.1', 2),
(609, 'admin', 3, 2, '列表', '2017-11-24 10:05:08', '127.0.0.1', 2),
(610, 'admin', 3, 1, '列表', '2017-11-24 10:05:12', '127.0.0.1', 2),
(611, 'admin', 3, 2, '列表', '2017-11-24 10:05:15', '127.0.0.1', 2),
(612, 'admin', 3, 1, '列表', '2017-11-24 10:05:22', '127.0.0.1', 2),
(613, 'admin', 3, 2, '列表', '2017-11-24 10:05:24', '127.0.0.1', 2),
(614, 'admin', 3, 1, '列表', '2017-11-24 10:14:03', '127.0.0.1', 2),
(615, 'admin', 3, 2, '列表', '2017-11-24 10:14:06', '127.0.0.1', 2),
(616, 'admin', 3, 2, '列表', '2017-11-24 10:21:18', '127.0.0.1', 2),
(617, 'admin', 3, 1, '列表', '2017-11-24 10:21:23', '127.0.0.1', 2),
(618, 'admin', 3, 2, '列表', '2017-11-24 10:21:27', '127.0.0.1', 2),
(619, 'admin', 3, 1, '列表', '2017-11-24 10:21:32', '127.0.0.1', 2),
(620, 'admin', 3, 2, '列表', '2017-11-24 10:21:35', '127.0.0.1', 2),
(621, 'admin', 3, 2, '列表', '2017-11-24 10:25:16', '127.0.0.1', 2),
(622, 'admin', 3, 1, '列表', '2017-11-24 10:26:07', '127.0.0.1', 2),
(623, 'admin', 3, 2, '列表', '2017-11-24 10:26:09', '127.0.0.1', 2),
(624, 'admin', 3, 1, '列表', '2017-11-24 10:26:10', '127.0.0.1', 2),
(625, 'admin', 3, 2, '列表', '2017-11-24 10:26:13', '127.0.0.1', 2),
(626, 'admin', 3, 1, '列表', '2017-11-24 10:28:39', '127.0.0.1', 2),
(627, 'admin', 3, 2, '列表', '2017-11-24 10:28:42', '127.0.0.1', 2),
(628, 'admin', 3, 1, '列表', '2017-11-24 11:01:49', '127.0.0.1', 2),
(629, 'admin', 3, 2, '列表', '2017-11-24 11:01:50', '127.0.0.1', 2),
(630, 'admin', 3, 2, '2筆資料(\'2\',\'1\')', '2017-11-24 11:09:46', '127.0.0.1', 16),
(631, 'admin', 3, 1, '列表', '2017-11-24 11:14:59', '127.0.0.1', 2),
(632, 'admin', 3, 2, '列表', '2017-11-24 11:15:49', '127.0.0.1', 2),
(633, 'admin', 3, 2, '列表', '2017-11-24 11:20:17', '127.0.0.1', 2),
(634, 'admin', 3, 2, '列表', '2017-11-24 11:21:44', '127.0.0.1', 2),
(635, 'admin', 3, 2, '列表', '2017-11-24 11:28:23', '127.0.0.1', 2),
(636, 'admin', 3, 1, '列表', '2017-11-24 11:34:17', '127.0.0.1', 2),
(637, 'admin', 3, 2, '列表', '2017-11-24 11:34:25', '127.0.0.1', 2),
(638, 'admin', 3, 2, '1筆資料(\'3\')', '2017-11-24 13:48:02', '127.0.0.1', 16),
(639, 'admin', 3, 2, '1筆資料(\'4\')', '2017-11-24 13:48:05', '127.0.0.1', 16),
(640, 'admin', 3, 2, '列表', '2017-11-24 13:48:43', '127.0.0.1', 2),
(641, 'admin', 3, 2, 'test id:5', '2017-11-24 13:51:04', '127.0.0.1', 4),
(642, 'admin', 3, 2, '列表', '2017-11-24 13:51:55', '127.0.0.1', 2),
(643, 'admin', 3, 2, 'test123 id:6', '2017-11-24 13:52:09', '127.0.0.1', 4),
(644, 'admin', 3, 2, '列表', '2017-11-24 13:54:08', '127.0.0.1', 2),
(645, 'admin', 3, 2, '123 id:7', '2017-11-24 13:54:17', '127.0.0.1', 4),
(646, 'admin', 3, 2, '列表', '2017-11-24 13:54:32', '127.0.0.1', 2),
(647, 'admin', 3, 2, '1234 id:5', '2017-11-24 13:54:37', '127.0.0.1', 4),
(648, 'admin', 3, 2, '1筆資料(\'5\')', '2017-11-24 13:54:42', '127.0.0.1', 16),
(649, 'admin', 3, 2, '1234 id:8', '2017-11-24 13:54:49', '127.0.0.1', 4),
(650, 'admin', 3, 2, '列表', '2017-11-24 13:56:26', '127.0.0.1', 2),
(651, 'admin', 3, 2, '5869 id:9', '2017-11-24 13:56:59', '127.0.0.1', 4),
(652, 'admin', 3, 2, '列表', '2017-11-24 13:57:50', '127.0.0.1', 2),
(653, 'admin', 3, 2, '123456789 id:10', '2017-11-24 13:57:58', '127.0.0.1', 4),
(654, 'admin', 3, 2, '列表', '2017-11-24 14:01:39', '127.0.0.1', 2),
(655, 'admin', 3, 2, '589 id:11', '2017-11-24 14:01:45', '127.0.0.1', 4),
(656, 'admin', 3, 2, '列表', '2017-11-24 14:01:59', '127.0.0.1', 2),
(657, 'admin', 3, 2, '789 id:6', '2017-11-24 14:02:18', '127.0.0.1', 4),
(658, 'admin', 3, 2, '1筆資料(\'6\')', '2017-11-24 14:05:58', '127.0.0.1', 16),
(659, 'admin', 3, 2, '列表', '2017-11-24 14:06:23', '127.0.0.1', 2),
(660, 'admin', 3, 1, '列表', '2017-11-24 14:25:15', '127.0.0.1', 2),
(661, 'admin', 3, 2, '列表', '2017-11-24 14:25:16', '127.0.0.1', 2),
(662, 'admin', 3, 1, '列表', '2017-11-24 14:26:03', '127.0.0.1', 2),
(663, 'admin', 3, 2, '列表', '2017-11-24 14:26:05', '127.0.0.1', 2),
(664, 'admin', 3, 1, '列表', '2017-11-24 14:26:08', '127.0.0.1', 2),
(665, 'admin', 3, 2, '列表', '2017-11-24 14:26:35', '127.0.0.1', 2),
(666, 'admin', 3, 2, 'test id:7', '2017-11-24 15:04:00', '127.0.0.1', 4),
(667, 'admin', 3, 2, '黑名單玩家 id:3', '2017-11-24 15:04:10', '127.0.0.1', 8),
(668, 'admin', 3, 2, '列表', '2017-11-24 15:11:07', '127.0.0.1', 2),
(669, 'admin', 3, 1, '列表', '2017-11-24 15:11:13', '127.0.0.1', 2),
(670, 'admin', 3, 2, '列表', '2017-11-24 15:11:15', '127.0.0.1', 2),
(671, 'admin', 3, 1, '列表', '2017-11-24 15:11:21', '127.0.0.1', 2),
(672, 'admin', 3, 2, '列表', '2017-11-24 15:11:22', '127.0.0.1', 2),
(673, 'admin', 3, 1, '列表', '2017-11-24 15:11:24', '127.0.0.1', 2),
(674, 'admin', 1, 1, '列表', '2017-11-24 15:18:18', '127.0.0.1', 2),
(675, 'admin', 3, 1, '列表', '2017-11-24 15:18:20', '127.0.0.1', 2),
(676, 'admin', 3, 2, '列表', '2017-11-24 15:18:25', '127.0.0.1', 2),
(677, 'admin', 3, 2, '排序', '2017-11-24 15:18:47', '127.0.0.1', 8),
(678, 'admin', 3, 2, '列表', '2017-11-24 15:22:10', '127.0.0.1', 2),
(679, 'admin', 3, 2, '856 id:7', '2017-11-24 15:31:13', '127.0.0.1', 8),
(680, 'admin', 3, 2, '列表', '2017-11-24 15:31:30', '127.0.0.1', 2),
(681, 'admin', 3, 2, '8565 id:12', '2017-11-24 15:31:40', '127.0.0.1', 4),
(682, 'admin', 3, 2, '列表', '2017-11-24 15:33:49', '127.0.0.1', 2),
(683, 'admin', 3, 2, 'test id:13', '2017-11-24 15:36:50', '127.0.0.1', 4),
(684, 'admin', 3, 2, '列表', '2017-11-24 15:39:12', '127.0.0.1', 2),
(685, 'admin', 3, 2, '測試 id:14', '2017-11-24 15:39:23', '127.0.0.1', 4),
(686, 'admin', 3, 2, '測試3 id:15', '2017-11-24 15:39:44', '127.0.0.1', 4),
(687, 'admin', 3, 2, '列表', '2017-11-24 15:40:05', '127.0.0.1', 2),
(688, 'admin', 3, 2, '1筆資料(\'7\')', '2017-11-24 15:40:19', '127.0.0.1', 16),
(689, 'admin', 3, 2, '列表', '2017-11-24 15:40:29', '127.0.0.1', 2),
(690, 'admin', 3, 1, '列表', '2017-11-24 15:59:20', '127.0.0.1', 2),
(691, 'admin', 3, 2, '列表', '2017-11-24 15:59:22', '127.0.0.1', 2),
(692, 'admin', 3, 1, '列表', '2017-11-24 16:10:21', '127.0.0.1', 2),
(693, 'admin', 3, 2, '列表', '2017-11-24 16:10:22', '127.0.0.1', 2),
(694, 'admin', 3, 1, '列表', '2017-11-24 16:53:19', '127.0.0.1', 2),
(695, 'admin', 3, 2, '列表', '2017-11-24 16:59:09', '127.0.0.1', 2),
(696, 'admin', 3, 1, '列表', '2017-11-24 16:59:55', '127.0.0.1', 2),
(697, 'admin', 3, 2, '列表', '2017-11-24 17:03:45', '127.0.0.1', 2),
(698, 'admin', 3, 1, '列表', '2017-11-24 17:03:59', '127.0.0.1', 2),
(699, 'admin', 3, 2, '列表', '2017-11-24 17:04:04', '127.0.0.1', 2),
(700, 'admin', 3, 1, '列表', '2017-11-24 17:06:12', '127.0.0.1', 2),
(701, 'admin', 3, 2, '列表', '2017-11-24 17:06:13', '127.0.0.1', 2),
(702, 'admin', 3, 1, '列表', '2017-11-24 17:06:33', '127.0.0.1', 2),
(703, 'admin', 3, 2, '列表', '2017-11-24 17:06:34', '127.0.0.1', 2),
(704, 'admin', 3, 1, '列表', '2017-11-24 17:07:59', '127.0.0.1', 2),
(705, 'admin', 3, 2, '列表', '2017-11-24 17:08:00', '127.0.0.1', 2),
(706, 'admin', 3, 1, '列表', '2017-11-24 17:08:05', '127.0.0.1', 2),
(707, 'admin', 3, 2, '列表', '2017-11-24 17:08:06', '127.0.0.1', 2),
(708, 'admin', 3, 1, '列表', '2017-11-24 17:08:32', '127.0.0.1', 2),
(709, 'admin', 3, 2, '列表', '2017-11-24 17:08:34', '127.0.0.1', 2),
(710, 'admin', 3, 1, '列表', '2017-11-24 17:08:48', '127.0.0.1', 2),
(711, 'admin', 3, 2, '列表', '2017-11-24 17:09:53', '127.0.0.1', 2),
(712, 'admin', 3, 1, '列表', '2017-11-24 17:10:17', '127.0.0.1', 2),
(713, 'admin', 3, 2, '列表', '2017-11-24 17:10:21', '127.0.0.1', 2),
(714, 'admin', 3, 1, '列表', '2017-11-24 17:10:31', '127.0.0.1', 2),
(715, 'admin', 3, 2, '列表', '2017-11-24 17:11:09', '127.0.0.1', 2),
(716, 'admin', 3, 1, '列表', '2017-11-24 17:11:12', '127.0.0.1', 2),
(717, 'admin', 3, 2, '列表', '2017-11-24 17:15:01', '127.0.0.1', 2),
(718, 'admin', 3, 1, '列表', '2017-11-24 17:15:02', '127.0.0.1', 2),
(719, 'admin', 3, 2, '列表', '2017-11-24 17:16:24', '127.0.0.1', 2),
(720, 'admin', 3, 1, '列表', '2017-11-24 17:16:37', '127.0.0.1', 2),
(721, 'admin', 3, 2, '列表', '2017-11-24 17:17:01', '127.0.0.1', 2),
(722, 'admin', 3, 1, '列表', '2017-11-24 17:17:26', '127.0.0.1', 2),
(723, 'admin', 3, 2, '列表', '2017-11-24 17:17:28', '127.0.0.1', 2),
(724, 'admin', 3, 1, '列表', '2017-11-24 17:26:26', '127.0.0.1', 2),
(725, 'admin', 3, 2, '列表', '2017-11-24 17:38:29', '127.0.0.1', 2),
(726, 'admin', 3, 1, '列表', '2017-11-24 17:38:30', '127.0.0.1', 2),
(727, 'admin', 0, 0, 'admin登入成功', '2017-11-27 09:26:11', '127.0.0.1', 1),
(728, 'admin', 3, 2, '列表', '2017-11-27 09:26:15', '127.0.0.1', 2),
(729, 'admin', 3, 1, '列表', '2017-11-27 09:26:47', '127.0.0.1', 2),
(730, 'admin', 3, 2, '列表', '2017-11-27 09:26:54', '127.0.0.1', 2),
(731, 'admin', 3, 1, '列表', '2017-11-27 09:26:57', '127.0.0.1', 2),
(732, 'admin', 3, 2, '列表', '2017-11-27 09:26:59', '127.0.0.1', 2),
(733, 'admin', 3, 2, '排序', '2017-11-27 10:03:58', '127.0.0.1', 8),
(734, 'admin', 3, 2, '列表', '2017-11-27 10:04:05', '127.0.0.1', 2),
(735, 'admin', 3, 1, '列表', '2017-11-27 10:05:13', '127.0.0.1', 2),
(736, 'admin', 3, 2, '列表', '2017-11-27 10:05:14', '127.0.0.1', 2),
(737, 'admin', 3, 1, '列表', '2017-11-27 10:05:35', '127.0.0.1', 2),
(738, 'admin', 3, 2, '列表', '2017-11-27 10:05:44', '127.0.0.1', 2),
(739, 'admin', 3, 1, '列表', '2017-11-27 10:39:12', '127.0.0.1', 2),
(740, 'admin', 3, 2, '列表', '2017-11-27 10:39:14', '127.0.0.1', 2),
(741, 'admin', 3, 1, '列表', '2017-11-27 10:39:15', '127.0.0.1', 2),
(742, 'admin', 3, 2, '列表', '2017-11-27 10:39:17', '127.0.0.1', 2),
(743, 'admin', 3, 2, '1筆資料(\'3\')', '2017-11-27 10:41:17', '127.0.0.1', 16),
(744, 'admin', 3, 2, '1筆資料(\'4\')', '2017-11-27 10:42:00', '127.0.0.1', 16),
(745, 'admin', 3, 2, '群組1 id:5', '2017-11-27 10:42:30', '127.0.0.1', 4),
(746, 'admin', 3, 2, '王曉明 id:16', '2017-11-27 10:42:46', '127.0.0.1', 4),
(747, 'admin', 3, 2, '1筆資料(\'5\')', '2017-11-27 10:42:58', '127.0.0.1', 16),
(748, 'admin', 3, 2, '列表', '2017-11-27 10:43:45', '127.0.0.1', 2),
(749, 'admin', 3, 2, '群組1 id:6', '2017-11-27 10:44:00', '127.0.0.1', 4),
(750, 'admin', 3, 2, '王曉明 id:17', '2017-11-27 10:44:10', '127.0.0.1', 4),
(751, 'admin', 3, 2, '陳安安 id:18', '2017-11-27 10:44:19', '127.0.0.1', 4),
(752, 'admin', 3, 2, '列表', '2017-11-27 10:44:36', '127.0.0.1', 2),
(753, 'admin', 3, 2, '群組1 id:7', '2017-11-27 10:45:03', '127.0.0.1', 4),
(754, 'admin', 3, 2, '陳安安 id:19', '2017-11-27 10:45:13', '127.0.0.1', 4),
(755, 'admin', 3, 2, '王曉明 id:20', '2017-11-27 10:45:23', '127.0.0.1', 4),
(756, 'admin', 3, 2, '2筆資料(\'7\')', '2017-11-27 10:45:28', '127.0.0.1', 16),
(757, 'admin', 3, 2, '群組1 id:8', '2017-11-27 10:45:43', '127.0.0.1', 4),
(758, 'admin', 3, 2, '陳安安 id:21', '2017-11-27 10:45:53', '127.0.0.1', 4),
(759, 'admin', 3, 2, '王曉明 id:22', '2017-11-27 10:46:00', '127.0.0.1', 4),
(760, 'admin', 3, 2, '2筆資料(\'8\')', '2017-11-27 10:46:07', '127.0.0.1', 16),
(761, 'admin', 3, 2, '群組1 id:9', '2017-11-27 10:46:24', '127.0.0.1', 4),
(762, 'admin', 3, 2, '群組2 id:10', '2017-11-27 10:46:34', '127.0.0.1', 4);
INSERT INTO `admin_log` (`al_id`, `a_username`, `al_main_key`, `al_fun_key`, `al_descript`, `al_createtime`, `al_ip`, `al_action`) VALUES
(763, 'admin', 3, 2, '陳安安 id:23', '2017-11-27 10:46:42', '127.0.0.1', 4),
(764, 'admin', 3, 2, '王曉明 id:24', '2017-11-27 10:46:48', '127.0.0.1', 4),
(765, 'admin', 3, 2, '李小白 id:25', '2017-11-27 10:47:06', '127.0.0.1', 4),
(766, 'admin', 3, 2, '王大明 id:26', '2017-11-27 10:47:13', '127.0.0.1', 4),
(767, 'admin', 3, 2, '2筆資料(\'10\')', '2017-11-27 10:47:25', '127.0.0.1', 16),
(768, 'admin', 3, 2, '列表', '2017-11-27 10:50:25', '127.0.0.1', 2),
(769, 'admin', 3, 1, '列表', '2017-11-27 10:56:01', '127.0.0.1', 2),
(770, 'admin', 3, 1, '陳小名 id:7', '2017-11-27 10:57:39', '127.0.0.1', 8),
(771, 'admin', 3, 1, '列表', '2017-11-27 10:58:00', '127.0.0.1', 2),
(772, 'admin', 3, 2, '列表', '2017-11-27 11:00:48', '127.0.0.1', 2),
(773, 'admin', 1, 1, '列表', '2017-11-27 11:02:10', '127.0.0.1', 2),
(774, 'admin', 2, 1, '列表', '2017-11-27 11:02:24', '127.0.0.1', 2),
(775, 'admin', 3, 2, '列表', '2017-11-27 11:02:41', '127.0.0.1', 2),
(776, 'admin', 3, 1, '列表', '2017-11-27 11:04:15', '127.0.0.1', 2),
(777, 'admin', 3, 2, '列表', '2017-11-27 11:11:51', '127.0.0.1', 2),
(778, 'admin', 3, 1, '列表', '2017-11-27 11:14:27', '127.0.0.1', 2),
(779, 'admin', 2, 1, '列表', '2017-11-27 11:15:08', '127.0.0.1', 2),
(780, 'admin', 1, 1, '列表', '2017-11-27 11:15:13', '127.0.0.1', 2),
(781, 'admin', 3, 1, '列表', '2017-11-27 11:15:16', '127.0.0.1', 2),
(782, 'admin', 3, 2, '列表', '2017-11-27 11:15:43', '127.0.0.1', 2),
(783, 'admin', 3, 1, '列表', '2017-11-27 11:15:45', '127.0.0.1', 2),
(784, 'admin', 3, 2, '列表', '2017-11-27 11:15:53', '127.0.0.1', 2),
(785, 'admin', 3, 1, '列表', '2017-11-27 11:28:44', '127.0.0.1', 2),
(786, 'admin', 3, 2, '列表', '2017-11-27 11:28:45', '127.0.0.1', 2),
(787, 'admin', 3, 1, '列表', '2017-11-27 11:30:34', '127.0.0.1', 2),
(788, 'admin', 3, 2, '列表', '2017-11-27 11:30:36', '127.0.0.1', 2),
(789, 'admin', 3, 1, '列表', '2017-11-27 11:30:38', '127.0.0.1', 2),
(790, 'admin', 3, 2, '列表', '2017-11-27 11:30:48', '127.0.0.1', 2),
(791, 'admin', 3, 1, '列表', '2017-11-27 11:30:54', '127.0.0.1', 2),
(792, 'admin', 3, 1, '列表', '2017-11-27 11:40:28', '127.0.0.1', 2),
(793, 'admin', 3, 1, '陳小名 id:7', '2017-11-27 11:40:39', '127.0.0.1', 8),
(794, 'admin', 3, 1, '列表', '2017-11-27 11:40:46', '127.0.0.1', 2),
(795, 'admin', 3, 2, '列表', '2017-11-27 11:41:26', '127.0.0.1', 2),
(796, 'admin', 3, 1, '列表', '2017-11-27 11:41:27', '127.0.0.1', 2),
(797, 'admin', 3, 2, '列表', '2017-11-27 12:04:33', '127.0.0.1', 2),
(798, 'admin', 0, 0, 'admin登入成功', '2017-11-27 12:27:28', '127.0.0.1', 1),
(799, 'admin', 3, 2, '列表', '2017-11-27 12:28:08', '127.0.0.1', 2),
(800, 'admin', 3, 2, '列表', '2017-11-27 13:37:52', '127.0.0.1', 2),
(801, 'admin', 3, 1, '列表', '2017-11-27 13:42:18', '127.0.0.1', 2),
(802, 'admin', 3, 2, '列表', '2017-11-27 13:42:19', '127.0.0.1', 2),
(803, 'admin', 0, 0, 'admin登入成功', '2017-11-27 13:47:15', '192.168.1.177', 1),
(804, 'admin', 3, 1, '列表', '2017-11-27 13:47:29', '192.168.1.177', 2),
(805, 'admin', 3, 2, '列表', '2017-11-27 13:48:19', '192.168.1.177', 2),
(806, 'admin', 3, 1, '列表', '2017-11-27 13:48:27', '192.168.1.177', 2),
(807, 'admin', 3, 2, '列表', '2017-11-27 13:48:34', '192.168.1.177', 2),
(808, 'admin', 3, 1, '列表', '2017-11-27 13:49:29', '127.0.0.1', 2),
(809, 'admin', 3, 2, '列表', '2017-11-27 13:49:30', '127.0.0.1', 2),
(810, 'admin', 3, 1, '列表', '2017-11-27 13:49:31', '127.0.0.1', 2),
(811, 'admin', 3, 2, '列表', '2017-11-27 13:49:32', '127.0.0.1', 2),
(812, 'admin', 3, 1, '列表', '2017-11-27 13:49:34', '127.0.0.1', 2),
(813, 'admin', 3, 1, '列表', '2017-11-27 13:58:00', '192.168.1.177', 2),
(814, 'admin', 3, 2, '列表', '2017-11-27 14:00:43', '192.168.1.177', 2),
(815, 'admin', 3, 1, '列表', '2017-11-27 14:01:37', '192.168.1.177', 2),
(816, 'admin', 3, 2, '列表', '2017-11-27 14:02:30', '192.168.1.177', 2),
(817, 'admin', 3, 1, '列表', '2017-11-27 14:02:49', '192.168.1.177', 2),
(818, 'admin', 3, 2, '列表', '2017-11-27 14:03:05', '192.168.1.177', 2),
(819, 'admin', 1, 1, '列表', '2017-11-27 14:03:11', '127.0.0.1', 2),
(820, 'admin', 3, 1, '列表', '2017-11-27 14:03:11', '192.168.1.177', 2),
(821, 'admin', 3, 1, '列表', '2017-11-27 14:03:13', '127.0.0.1', 2),
(822, 'admin', 3, 2, '列表', '2017-11-27 14:03:53', '192.168.1.177', 2),
(823, 'admin', 3, 1, '列表', '2017-11-27 14:04:44', '192.168.1.177', 2),
(824, 'admin', 3, 2, '列表', '2017-11-27 14:04:56', '192.168.1.177', 2),
(825, 'admin', 3, 1, '列表', '2017-11-27 14:05:47', '192.168.1.177', 2),
(826, 'admin', 3, 2, '列表', '2017-11-27 14:06:01', '192.168.1.177', 2),
(827, 'admin', 3, 2, '列表', '2017-11-27 14:10:24', '127.0.0.1', 2),
(828, 'admin', 3, 1, '列表', '2017-11-27 14:10:25', '127.0.0.1', 2),
(829, 'admin', 3, 1, '列表', '2017-11-27 14:28:08', '192.168.1.177', 2),
(830, 'admin', 3, 2, '列表', '2017-11-27 14:28:46', '192.168.1.177', 2),
(831, 'admin', 3, 1, '列表', '2017-11-27 14:29:36', '192.168.1.177', 2),
(832, 'admin', 3, 2, '列表', '2017-11-27 14:29:37', '192.168.1.177', 2),
(833, 'admin', 3, 1, '列表', '2017-11-27 14:29:45', '192.168.1.177', 2),
(834, 'admin', 3, 2, '列表', '2017-11-27 14:29:49', '192.168.1.177', 2),
(835, 'admin', 3, 2, '列表', '2017-11-27 14:38:23', '127.0.0.1', 2),
(836, 'admin', 3, 1, '列表', '2017-11-27 14:38:24', '127.0.0.1', 2),
(837, 'admin', 3, 2, '列表', '2017-11-27 14:38:27', '127.0.0.1', 2),
(838, 'admin', 3, 1, '列表', '2017-11-27 14:38:31', '127.0.0.1', 2),
(839, 'admin', 3, 2, '列表', '2017-11-27 14:38:41', '127.0.0.1', 2),
(840, 'admin', 3, 1, '列表', '2017-11-27 14:38:43', '127.0.0.1', 2),
(841, 'admin', 3, 2, '列表', '2017-11-27 14:41:29', '127.0.0.1', 2),
(842, 'admin', 3, 1, '列表', '2017-11-27 14:41:37', '127.0.0.1', 2),
(843, 'admin', 3, 2, '列表', '2017-11-27 14:41:45', '127.0.0.1', 2),
(844, 'admin', 3, 1, '列表', '2017-11-27 14:41:52', '127.0.0.1', 2),
(845, 'admin', 3, 2, '列表', '2017-11-27 14:47:10', '127.0.0.1', 2),
(846, 'admin', 3, 1, '列表', '2017-11-27 14:47:34', '127.0.0.1', 2),
(847, 'admin', 1, 1, '列表', '2017-11-27 14:51:27', '127.0.0.1', 2),
(848, 'admin', 2, 1, '列表', '2017-11-27 14:51:39', '127.0.0.1', 2),
(849, 'admin', 2, 3, '列表', '2017-11-27 14:51:43', '127.0.0.1', 2),
(850, 'admin', 1, 1, '列表', '2017-11-27 14:52:34', '127.0.0.1', 2),
(851, 'admin', 3, 1, '列表', '2017-11-27 14:52:35', '127.0.0.1', 2),
(852, 'admin', 3, 2, '列表', '2017-11-27 15:00:07', '127.0.0.1', 2),
(853, 'admin', 3, 1, '列表', '2017-11-27 15:00:08', '127.0.0.1', 2),
(854, 'admin', 3, 2, '列表', '2017-11-27 15:00:13', '127.0.0.1', 2),
(855, 'admin', 3, 1, '列表', '2017-11-27 15:00:17', '127.0.0.1', 2),
(856, 'admin', 3, 2, '列表', '2017-11-27 15:00:45', '127.0.0.1', 2),
(857, 'admin', 3, 1, '列表', '2017-11-27 15:00:46', '127.0.0.1', 2),
(858, 'admin', 3, 2, '列表', '2017-11-27 15:00:48', '127.0.0.1', 2),
(859, 'admin', 1, 1, '列表', '2017-11-27 15:00:52', '127.0.0.1', 2),
(860, 'admin', 3, 1, '列表', '2017-11-27 15:00:55', '127.0.0.1', 2),
(861, 'admin', 3, 2, '列表', '2017-11-27 15:10:10', '127.0.0.1', 2),
(862, 'admin', 3, 1, '列表', '2017-11-27 15:10:11', '127.0.0.1', 2),
(863, 'admin', 3, 2, '列表', '2017-11-27 15:10:20', '127.0.0.1', 2),
(864, 'admin', 3, 1, '列表', '2017-11-27 15:22:58', '192.168.1.177', 2),
(865, 'admin', 3, 2, '列表', '2017-11-27 15:24:47', '192.168.1.177', 2),
(866, 'admin', 3, 1, '列表', '2017-11-27 15:30:18', '192.168.1.177', 2),
(867, 'admin', 3, 2, '列表', '2017-11-27 15:30:32', '192.168.1.177', 2),
(868, 'admin', 3, 1, '列表', '2017-11-27 15:54:40', '192.168.1.177', 2),
(869, 'admin', 3, 2, '列表', '2017-11-27 15:54:46', '192.168.1.177', 2),
(870, 'admin', 3, 1, '列表', '2017-11-27 15:54:47', '192.168.1.177', 2),
(871, 'admin', 3, 2, '列表', '2017-11-27 15:55:00', '192.168.1.177', 2),
(872, 'admin', 3, 1, '列表', '2017-11-27 15:55:02', '192.168.1.177', 2),
(873, 'admin', 3, 2, '列表', '2017-11-27 15:58:37', '192.168.1.177', 2),
(874, 'admin', 3, 1, '列表', '2017-11-27 15:59:23', '192.168.1.177', 2),
(875, 'admin', 1, 1, '列表', '2017-11-27 16:02:01', '192.168.1.177', 2),
(876, 'admin', 2, 1, '列表', '2017-11-27 16:02:04', '192.168.1.177', 2),
(877, 'admin', 3, 2, '列表', '2017-11-27 16:03:00', '192.168.1.177', 2),
(878, 'admin', 3, 1, '列表', '2017-11-27 16:05:55', '192.168.1.177', 2),
(879, 'admin', 3, 2, '列表', '2017-11-27 16:06:24', '192.168.1.177', 2),
(880, 'admin', 3, 1, '列表', '2017-11-27 16:08:51', '192.168.1.177', 2),
(881, 'admin', 2, 1, '列表', '2017-11-27 16:14:36', '192.168.1.177', 2),
(882, 'admin', 2, 3, '列表', '2017-11-27 16:14:48', '192.168.1.177', 2),
(883, 'admin', 2, 1, '列表', '2017-11-27 16:14:49', '192.168.1.177', 2),
(884, 'admin', 1, 1, '列表', '2017-11-27 16:14:51', '192.168.1.177', 2),
(885, 'admin', 3, 1, '列表', '2017-11-27 16:15:03', '192.168.1.177', 2),
(886, 'admin', 3, 2, '列表', '2017-11-27 16:15:11', '192.168.1.177', 2),
(887, 'admin', 3, 1, '列表', '2017-11-27 16:15:15', '192.168.1.177', 2),
(888, 'admin', 3, 2, '列表', '2017-11-27 16:16:07', '192.168.1.177', 2),
(889, 'admin', 0, 0, 'admin登入成功', '2017-11-27 16:32:51', '192.168.1.193', 1),
(890, 'admin', 3, 1, '列表', '2017-11-27 16:34:50', '192.168.1.177', 2),
(891, 'admin', 3, 2, '列表', '2017-11-27 16:35:08', '192.168.1.177', 2),
(892, 'admin', 0, 0, 'admin登入成功', '2017-11-27 16:36:35', '192.168.1.177', 1),
(893, 'admin', 3, 1, '列表', '2017-11-27 16:36:40', '192.168.1.177', 2),
(894, 'admin', 3, 2, '列表', '2017-11-27 16:38:15', '192.168.1.193', 2),
(895, 'admin', 3, 2, '群組1 id:9', '2017-11-27 16:50:51', '192.168.1.193', 8),
(896, 'admin', 3, 2, '列表', '2017-11-27 16:51:23', '192.168.1.193', 2),
(897, 'admin', 3, 2, '群組1 id:9', '2017-11-27 16:51:32', '192.168.1.193', 8),
(898, 'admin', 3, 2, '列表', '2017-11-27 16:52:54', '192.168.1.193', 2),
(899, 'admin', 3, 2, '群組1 id:9', '2017-11-27 16:53:47', '192.168.1.193', 8),
(900, 'admin', 3, 2, '列表', '2017-11-27 16:54:12', '192.168.1.193', 2),
(901, 'admin', 1, 1, '列表', '2017-11-27 17:01:06', '192.168.1.193', 2),
(902, 'admin', 2, 1, '列表', '2017-11-27 17:01:13', '192.168.1.193', 2),
(903, 'admin', 3, 2, '列表', '2017-11-27 17:04:50', '192.168.1.193', 2),
(904, 'admin', 2, 1, '列表', '2017-11-27 17:07:08', '192.168.1.193', 2),
(905, 'admin', 3, 2, '列表', '2017-11-27 17:07:31', '192.168.1.193', 2),
(906, 'admin', 3, 2, '1筆資料(\'25\')', '2017-11-27 17:14:23', '192.168.1.193', 16),
(907, 'admin', 3, 2, '列表', '2017-11-27 17:14:44', '192.168.1.193', 2),
(908, 'admin', 0, 0, 'admin登入成功', '2017-11-27 17:39:14', '192.168.1.174', 1),
(909, 'admin', 3, 1, '列表', '2017-11-27 17:42:46', '192.168.1.174', 2),
(910, 'admin', 3, 2, '列表', '2017-11-27 17:42:47', '192.168.1.174', 2),
(911, 'admin', 3, 1, '列表', '2017-11-27 17:42:47', '192.168.1.174', 2),
(912, 'admin', 3, 2, '列表', '2017-11-27 17:42:50', '192.168.1.174', 2),
(913, 'admin', 3, 1, '列表', '2017-11-27 17:43:00', '192.168.1.174', 2);

-- --------------------------------------------------------

--
-- 資料表結構 `bank_card`
--

CREATE TABLE `bank` (
  `id` int(11) NOT NULL,
  `name` varchar(60) COLLATE utf8_unicode_ci NOT NULL COMMENT '名稱',
  `bank` varchar(100) COLLATE utf8_unicode_ci NOT NULL COMMENT '銀行',
  `bank_no` varchar(255) COLLATE utf8_unicode_ci DEFAULT NULL COMMENT '卡號',
  `money` varchar(255) COLLATE utf8_unicode_ci DEFAULT NULL COMMENT '餘額',
  `money_min` varchar(100) COLLATE utf8_unicode_ci DEFAULT NULL COMMENT '最小出款',
  `money_max` varchar(100) COLLATE utf8_unicode_ci DEFAULT NULL COMMENT '最大出款',
  `num` int(11) NOT NULL COMMENT '剩餘次數',
  `alert` varchar(255) COLLATE utf8_unicode_ci DEFAULT NULL COMMENT '警告',
  `manager` varchar(20) COLLATE utf8_unicode_ci NOT NULL,
  `create_time` date NOT NULL,
  `update_time` date NOT NULL
) ENGINE=InnoDB DEFAULT CHARSET=utf8 COLLATE=utf8_unicode_ci COMMENT='幣種';

--
-- 資料表的匯出資料 `bank_card`
--

INSERT INTO `bank` (`id`, `name`, `bank`, `bank_no`, `money`, `money_min`, `money_max`, `num`, `alert`, `manager`, `create_time`, `update_time`) VALUES
(8, '工商01', '中國信託', '8562123456', '300000', '10', '30000', 45, '', 'admin', '2017-11-23', '2017-11-23'),
(9, '工商02', '國泰世華', '123456789', '500', '10', '500', 30, '', 'admin', '2017-11-23', '2017-11-23');

-- --------------------------------------------------------

--
-- 資料表結構 `deposit_check`
--

CREATE TABLE `deposit_check` (
  `id` int(11) NOT NULL,
  `name` varchar(60) COLLATE utf8_unicode_ci NOT NULL COMMENT '申請人',
  `company` varchar(100) COLLATE utf8_unicode_ci NOT NULL COMMENT '第三方公司',
  `method` varchar(255) COLLATE utf8_unicode_ci DEFAULT NULL COMMENT '方式',
  `manager` varchar(20) COLLATE utf8_unicode_ci NOT NULL,
  `create_time` datetime NOT NULL COMMENT '申請時間',
  `update_time` datetime NOT NULL COMMENT '收款時間',
  `money` varchar(255) COLLATE utf8_unicode_ci DEFAULT NULL COMMENT '金額',
  `contents` longtext COLLATE utf8_unicode_ci
) ENGINE=InnoDB DEFAULT CHARSET=utf8 COLLATE=utf8_unicode_ci COMMENT='幣種';

--
-- 資料表的匯出資料 `deposit_check`
--

INSERT INTO `deposit_check` (`id`, `name`, `company`, `method`, `manager`, `create_time`, `update_time`, `money`, `contents`) VALUES
(4, 'test', 'test123', '123456', 'admin', '2017-11-23 10:26:23', '2017-11-23 11:49:47', '567', '890'),
(7, '陳小名', '國泰世華', '1200', 'admin', '0000-00-00 00:00:00', '2017-11-23 16:25:46', '80', '修改80，誤打多一個0');

--
-- 觸發器 `deposit_check`
--
DELIMITER $$
CREATE TRIGGER `deposit_check_updated_trigger` AFTER UPDATE ON `deposit_check` FOR EACH ROW insert into deposit_log(money, contents, manager) values ( NEW.money, NEW.contents, NEW.manager)
$$
DELIMITER ;

-- --------------------------------------------------------

--
-- 資料表結構 `deposit_log`
--

CREATE TABLE `deposit_log` (
  `id` int(11) NOT NULL,
  `money` varchar(255) COLLATE utf8_unicode_ci NOT NULL,
  `contents` longtext COLLATE utf8_unicode_ci NOT NULL,
  `manager` varchar(20) COLLATE utf8_unicode_ci NOT NULL,
  `updated_time` datetime NOT NULL DEFAULT CURRENT_TIMESTAMP
) ENGINE=InnoDB DEFAULT CHARSET=utf8 COLLATE=utf8_unicode_ci;

--
-- 資料表的匯出資料 `deposit_log`
--

INSERT INTO `deposit_log` (`id`, `money`, `contents`, `manager`, `updated_time`) VALUES
(9, '800', '測試一下800', '', '2017-11-27 15:40:31'),
(10, '80', '修改80，誤打多一個0', 'admin', '2017-11-27 15:45:22');

-- --------------------------------------------------------

--
-- 資料表結構 `deposit_pay`
--

CREATE TABLE `deposit_pay` (
  `id` int(11) NOT NULL,
  `name` varchar(60) COLLATE utf8_unicode_ci NOT NULL COMMENT '申請人',
  `company` varchar(100) COLLATE utf8_unicode_ci NOT NULL COMMENT '第三方公司',
  `method` varchar(255) COLLATE utf8_unicode_ci DEFAULT NULL COMMENT '方式',
  `company_id` varchar(255) COLLATE utf8_unicode_ci DEFAULT NULL COMMENT '商戶',
  `money` varchar(255) COLLATE utf8_unicode_ci DEFAULT NULL COMMENT '金額',
  `manager` varchar(20) COLLATE utf8_unicode_ci NOT NULL
) ENGINE=InnoDB DEFAULT CHARSET=utf8 COLLATE=utf8_unicode_ci COMMENT='幣種';

--
-- 資料表的匯出資料 `deposit_pay`
--

INSERT INTO `deposit_pay` (`id`, `name`, `company`, `method`, `company_id`, `money`, `manager`) VALUES
(7, '陳小名', '國泰世華', '微信支付', '45', '1200', 'admin'),
(9, '樂付001', '樂付', '微信支付', '123456789', '500', 'admin');

-- --------------------------------------------------------

--
-- 資料表結構 `dispensing`
--

CREATE TABLE `dispensing` (
  `id` int(11) NOT NULL,
  `name` varchar(60) COLLATE utf8_unicode_ci NOT NULL COMMENT '申請人',
  `bank` varchar(100) COLLATE utf8_unicode_ci NOT NULL COMMENT '銀行',
  `num` varchar(2) COLLATE utf8_unicode_ci DEFAULT NULL COMMENT '卡號',
  `money` varchar(255) COLLATE utf8_unicode_ci DEFAULT NULL COMMENT '金額',
  `contents` longtext COLLATE utf8_unicode_ci COMMENT '意見',
  `manager` varchar(20) COLLATE utf8_unicode_ci NOT NULL,
  `create_time` datetime NOT NULL COMMENT '申請時間',
  `update_time` datetime NOT NULL COMMENT '審核時間',
  `is_pay` tinyint(4) NOT NULL
) ENGINE=InnoDB DEFAULT CHARSET=utf8 COLLATE=utf8_unicode_ci COMMENT='幣種';

--
-- 資料表的匯出資料 `dispensing`
--

INSERT INTO `dispensing` (`id`, `name`, `bank`, `num`, `money`, `contents`, `manager`, `create_time`, `update_time`, `is_pay`) VALUES
(4, 'test', 'test123', '12', '123456', '48579', 'admin', '2017-11-23 10:26:23', '2017-11-23 11:49:47', 1),
(7, '陳小名', '國泰世華', '45', '1200', '', 'admin', '2017-11-23 11:54:50', '2017-11-27 11:40:39', 0);

-- --------------------------------------------------------

--
-- 資料表結構 `dispensing_check`
--

CREATE TABLE `dispensing_check` (
  `id` int(11) NOT NULL,
  `name` varchar(60) COLLATE utf8_unicode_ci NOT NULL COMMENT '申請人',
  `money` varchar(255) COLLATE utf8_unicode_ci DEFAULT NULL COMMENT '金額',
  `manager` varchar(20) COLLATE utf8_unicode_ci NOT NULL,
  `create_time` datetime NOT NULL COMMENT '申請時間',
  `update_time` datetime NOT NULL COMMENT '審核時間',
  `is_pay` tinyint(4) NOT NULL
) ENGINE=InnoDB DEFAULT CHARSET=utf8 COLLATE=utf8_unicode_ci COMMENT='幣種';

--
-- 資料表的匯出資料 `dispensing_check`
--

INSERT INTO `dispensing_check` (`id`, `name`, `money`, `manager`, `create_time`, `update_time`, `is_pay`) VALUES
(4, 'test', '123456', 'admin', '2017-11-23 10:26:23', '2017-11-23 11:49:47', 1),
(7, '陳小名', '1200', 'admin', '2017-11-23 11:54:50', '2017-11-23 14:57:39', 1);

-- --------------------------------------------------------

--
-- 資料表結構 `player`
--

CREATE TABLE `player` (
  `id` int(11) NOT NULL COMMENT 'ID',
  `m_id` int(11) NOT NULL COMMENT '群組id',
  `title` varchar(60) COLLATE utf8_unicode_ci NOT NULL,
  `manager` varchar(20) COLLATE utf8_unicode_ci NOT NULL,
  `create_time` datetime NOT NULL,
  `update_time` datetime NOT NULL
) ENGINE=InnoDB DEFAULT CHARSET=utf8 COLLATE=utf8_unicode_ci COMMENT='玩家群組';

--
-- 資料表的匯出資料 `player`
--

INSERT INTO `player` (`id`, `m_id`, `title`, `manager`, `create_time`, `update_time`) VALUES
(26, 9, '王大明', 'admin', '2017-11-27 10:47:13', '2017-11-27 10:47:13');

-- --------------------------------------------------------

--
-- 資料表結構 `player_group`
--

CREATE TABLE `player_group` (
  `id` int(11) NOT NULL COMMENT 'ID',
  `ind` int(11) NOT NULL,
  `title` varchar(60) COLLATE utf8_unicode_ci NOT NULL,
  `num_max` int(11) NOT NULL COMMENT '高標',
  `num_min` int(11) NOT NULL COMMENT '低標',
  `contents` longtext COLLATE utf8_unicode_ci NOT NULL COMMENT '備註',
  `manager` varchar(20) COLLATE utf8_unicode_ci NOT NULL,
  `create_time` datetime NOT NULL,
  `update_time` datetime NOT NULL
) ENGINE=InnoDB DEFAULT CHARSET=utf8 COLLATE=utf8_unicode_ci COMMENT='玩家群組';

--
-- 資料表的匯出資料 `player_group`
--

INSERT INTO `player_group` (`id`, `ind`, `title`, `num_max`, `num_min`, `contents`, `manager`, `create_time`, `update_time`) VALUES
(9, 1, '群組1', 0, 0, 'test\r\ntest', 'admin', '2017-11-27 10:46:24', '2017-11-27 16:53:47');

-- --------------------------------------------------------

--
-- 資料表結構 `rules`
--

CREATE TABLE `rules` (
  `r_id` int(11) NOT NULL,
  `r_name` varchar(80) NOT NULL,
  `r_depiction` text NOT NULL,
  `r_agents` int(11) NOT NULL COMMENT '[0]公司[1]改代理人',
  `r_service` int(11) NOT NULL,
  `r_superadmin` tinyint(4) NOT NULL DEFAULT '0',
  `r_system` varchar(255) NOT NULL,
  `r_admin` varchar(20) NOT NULL,
  `r_updatetime` datetime NOT NULL,
  `r_createtime` datetime NOT NULL
) ENGINE=InnoDB DEFAULT CHARSET=utf8 ROW_FORMAT=COMPACT;

--
-- 資料表的匯出資料 `rules`
--

INSERT INTO `rules` (`r_id`, `r_name`, `r_depiction`, `r_agents`, `r_service`, `r_superadmin`, `r_system`, `r_admin`, `r_updatetime`, `r_createtime`) VALUES
(2, '管理', '最高權限管理組', 0, 0, 0, '', 'admin', '2017-11-23 16:09:44', '2016-02-02 18:36:21'),
(3, '總代理人', '這個是總代理人帳號權限\r\n不可改', 0, 0, 0, '', 'admin', '2017-10-16 17:36:02', '2017-07-15 12:21:16'),
(4, '代理人', '調閱玩家資料與上下分操作', 1, 0, 0, '', 'admin', '2017-10-16 18:09:04', '2017-07-16 10:43:18'),
(5, '行銷客服', '觀看基本資訊與分析', 0, 1, 0, '', 'admin', '2017-11-24 09:53:15', '2017-07-20 13:03:09'),
(12, '即時控盤', '', 0, 0, 0, '', 'admin', '2017-11-24 09:51:47', '2017-07-26 17:02:41');

-- --------------------------------------------------------

--
-- 資料表結構 `rules_auth`
--

CREATE TABLE `rules_auth` (
  `r_id` int(11) NOT NULL,
  `ra_main_key` int(11) NOT NULL,
  `ra_fun_key` int(11) NOT NULL,
  `ra_auth` int(11) NOT NULL,
  `ra_admin` varchar(20) COLLATE utf8_unicode_ci NOT NULL,
  `ra_updatetime` datetime NOT NULL,
  `ra_createtime` datetime NOT NULL
) ENGINE=InnoDB DEFAULT CHARSET=utf8 COLLATE=utf8_unicode_ci;

--
-- 資料表的匯出資料 `rules_auth`
--

INSERT INTO `rules_auth` (`r_id`, `ra_main_key`, `ra_fun_key`, `ra_auth`, `ra_admin`, `ra_updatetime`, `ra_createtime`) VALUES
(14, 10, 3, 10, 'admin', '2017-07-26 09:03:42', '2017-07-26 09:03:42'),
(15, 10, 2, 14, 'admin', '2017-07-26 09:03:59', '2017-07-26 09:03:59'),
(16, 10, 3, 10, 'admin', '2017-07-26 09:04:16', '2017-07-26 09:04:16'),
(16, 10, 4, 10, 'admin', '2017-07-26 09:04:16', '2017-07-26 09:04:16'),
(17, 7, 1, 10, 'admin', '2017-08-11 18:47:34', '2017-08-11 18:47:34'),
(17, 7, 2, 10, 'admin', '2017-08-11 18:47:34', '2017-08-11 18:47:34'),
(17, 7, 3, 10, 'admin', '2017-08-11 18:47:34', '2017-08-11 18:47:34'),
(17, 7, 4, 10, 'admin', '2017-08-11 18:47:34', '2017-08-11 18:47:34'),
(6, 10, 1, 14, 'admin', '2017-10-16 11:20:04', '2017-10-16 11:20:04'),
(7, 10, 2, 14, 'admin', '2017-10-16 11:21:16', '2017-10-16 11:21:16'),
(8, 10, 1, 14, 'admin', '2017-10-16 11:21:58', '2017-10-16 11:21:58'),
(8, 10, 2, 14, 'admin', '2017-10-16 11:21:58', '2017-10-16 11:21:58'),
(9, 10, 3, 10, 'admin', '2017-10-16 11:23:22', '2017-10-16 11:23:22'),
(13, 10, 1, 14, 'admin', '2017-10-16 11:24:36', '2017-10-16 11:24:36'),
(13, 10, 2, 14, 'admin', '2017-10-16 11:24:36', '2017-10-16 11:24:36'),
(10, 10, 4, 10, 'admin', '2017-10-16 11:25:24', '2017-10-16 11:25:24'),
(11, 10, 3, 10, 'admin', '2017-10-16 11:25:56', '2017-10-16 11:25:56'),
(11, 10, 4, 10, 'admin', '2017-10-16 11:25:56', '2017-10-16 11:25:56'),
(3, 3, 1, 2, 'admin', '2017-10-16 17:36:02', '2017-10-16 17:36:02'),
(3, 3, 2, 30, 'admin', '2017-10-16 17:36:02', '2017-10-16 17:36:02'),
(3, 4, 1, 2, 'admin', '2017-10-16 17:36:02', '2017-10-16 17:36:02'),
(3, 6, 1, 30, 'admin', '2017-10-16 17:36:02', '2017-10-16 17:36:02'),
(3, 6, 2, 30, 'admin', '2017-10-16 17:36:02', '2017-10-16 17:36:02'),
(3, 6, 4, 10, 'admin', '2017-10-16 17:36:02', '2017-10-16 17:36:02'),
(3, 11, 1, 30, 'admin', '2017-10-16 17:36:02', '2017-10-16 17:36:02'),
(3, 11, 2, 2, 'admin', '2017-10-16 17:36:02', '2017-10-16 17:36:02'),
(3, 7, 1, 10, 'admin', '2017-10-16 17:36:02', '2017-10-16 17:36:02'),
(3, 8, 1, 2, 'admin', '2017-10-16 17:36:02', '2017-10-16 17:36:02'),
(3, 10, 5, 2, 'admin', '2017-10-16 17:36:02', '2017-10-16 17:36:02'),
(3, 10, 1, 14, 'admin', '2017-10-16 17:36:02', '2017-10-16 17:36:02'),
(3, 10, 2, 14, 'admin', '2017-10-16 17:36:02', '2017-10-16 17:36:02'),
(4, 3, 1, 2, 'admin', '2017-10-16 18:09:05', '2017-10-16 18:09:05'),
(4, 3, 2, 30, 'admin', '2017-10-16 18:09:05', '2017-10-16 18:09:05'),
(4, 6, 1, 30, 'admin', '2017-10-16 18:09:05', '2017-10-16 18:09:05'),
(4, 6, 2, 30, 'admin', '2017-10-16 18:09:05', '2017-10-16 18:09:05'),
(4, 6, 4, 10, 'admin', '2017-10-16 18:09:05', '2017-10-16 18:09:05'),
(4, 11, 1, 30, 'admin', '2017-10-16 18:09:05', '2017-10-16 18:09:05'),
(4, 11, 2, 2, 'admin', '2017-10-16 18:09:05', '2017-10-16 18:09:05'),
(4, 11, 3, 2, 'admin', '2017-10-16 18:09:05', '2017-10-16 18:09:05'),
(4, 7, 1, 10, 'admin', '2017-10-16 18:09:05', '2017-10-16 18:09:05'),
(4, 8, 1, 2, 'admin', '2017-10-16 18:09:05', '2017-10-16 18:09:05'),
(4, 10, 3, 10, 'admin', '2017-10-16 18:09:05', '2017-10-16 18:09:05'),
(4, 10, 4, 10, 'admin', '2017-10-16 18:09:05', '2017-10-16 18:09:05'),
(2, 3, 1, 30, 'admin', '2017-10-16 18:29:53', '2017-10-16 18:29:53'),
(2, 3, 2, 30, 'admin', '2017-10-16 18:29:53', '2017-10-16 18:29:53'),
(2, 4, 1, 2, 'admin', '2017-10-16 18:29:53', '2017-10-16 18:29:53'),
(2, 6, 3, 30, 'admin', '2017-10-16 18:29:53', '2017-10-16 18:29:53'),
(2, 6, 7, 2, 'admin', '2017-10-16 18:29:53', '2017-10-16 18:29:53'),
(2, 6, 5, 30, 'admin', '2017-10-16 18:29:53', '2017-10-16 18:29:53'),
(2, 11, 1, 26, 'admin', '2017-10-16 18:29:53', '2017-10-16 18:29:53'),
(2, 11, 4, 26, 'admin', '2017-10-16 18:29:53', '2017-10-16 18:29:53'),
(2, 11, 2, 2, 'admin', '2017-10-16 18:29:53', '2017-10-16 18:29:53'),
(2, 11, 3, 2, 'admin', '2017-10-16 18:29:53', '2017-10-16 18:29:53'),
(2, 8, 1, 2, 'admin', '2017-10-16 18:29:53', '2017-10-16 18:29:53'),
(2, 8, 2, 2, 'admin', '2017-10-16 18:29:53', '2017-10-16 18:29:53'),
(2, 9, 1, 30, 'admin', '2017-10-16 18:29:53', '2017-10-16 18:29:53'),
(2, 9, 2, 30, 'admin', '2017-10-16 18:29:53', '2017-10-16 18:29:53'),
(2, 10, 5, 2, 'admin', '2017-10-16 18:29:53', '2017-10-16 18:29:53'),
(2, 10, 1, 14, 'admin', '2017-10-16 18:29:53', '2017-10-16 18:29:53'),
(2, 10, 2, 14, 'admin', '2017-10-16 18:29:53', '2017-10-16 18:29:53'),
(2, 10, 3, 10, 'admin', '2017-10-16 18:29:53', '2017-10-16 18:29:53'),
(2, 10, 4, 10, 'admin', '2017-10-16 18:29:53', '2017-10-16 18:29:53'),
(2, 12, 1, 30, 'admin', '2017-10-16 18:29:53', '2017-10-16 18:29:53'),
(2, 2, 1, 30, 'admin', '2017-10-16 18:29:53', '2017-10-16 18:29:53'),
(2, 2, 3, 2, 'admin', '2017-10-16 18:29:53', '2017-10-16 18:29:53'),
(2, 1, 1, 30, 'admin', '2017-10-16 18:29:53', '2017-10-16 18:29:53'),
(5, 3, 1, 18, 'admin', '2017-11-24 09:53:15', '2017-11-24 09:53:15'),
(5, 3, 2, 78, 'admin', '2017-11-24 09:53:15', '2017-11-24 09:53:15');

--
-- 已匯出資料表的索引
--

--
-- 資料表索引 `admin`
--
ALTER TABLE `admin`
  ADD PRIMARY KEY (`a_id`);

--
-- 資料表索引 `admin_log`
--
ALTER TABLE `admin_log`
  ADD PRIMARY KEY (`al_id`);

--
-- 資料表索引 `bank_card`
--
ALTER TABLE `bank`
  ADD PRIMARY KEY (`id`);

--
-- 資料表索引 `deposit_check`
--
ALTER TABLE `deposit_check`
  ADD PRIMARY KEY (`id`);

--
-- 資料表索引 `deposit_log`
--
ALTER TABLE `deposit_log`
  ADD PRIMARY KEY (`id`);

--
-- 資料表索引 `deposit_pay`
--
ALTER TABLE `deposit_pay`
  ADD PRIMARY KEY (`id`);

--
-- 資料表索引 `dispensing`
--
ALTER TABLE `dispensing`
  ADD PRIMARY KEY (`id`);

--
-- 資料表索引 `dispensing_check`
--
ALTER TABLE `dispensing_check`
  ADD PRIMARY KEY (`id`);

--
-- 資料表索引 `player`
--
ALTER TABLE `player`
  ADD PRIMARY KEY (`id`);

--
-- 資料表索引 `player_group`
--
ALTER TABLE `player_group`
  ADD PRIMARY KEY (`id`);

--
-- 資料表索引 `rules`
--
ALTER TABLE `rules`
  ADD PRIMARY KEY (`r_id`);

--
-- 在匯出的資料表使用 AUTO_INCREMENT
--

--
-- 使用資料表 AUTO_INCREMENT `admin`
--
ALTER TABLE `admin`
  MODIFY `a_id` int(11) NOT NULL AUTO_INCREMENT, AUTO_INCREMENT=17;

--
-- 使用資料表 AUTO_INCREMENT `admin_log`
--
ALTER TABLE `admin_log`
  MODIFY `al_id` int(11) NOT NULL AUTO_INCREMENT, AUTO_INCREMENT=914;

--
-- 使用資料表 AUTO_INCREMENT `bank_card`
--
ALTER TABLE `bank`
  MODIFY `id` int(11) NOT NULL AUTO_INCREMENT, AUTO_INCREMENT=10;

--
-- 使用資料表 AUTO_INCREMENT `deposit_check`
--
ALTER TABLE `deposit_check`
  MODIFY `id` int(11) NOT NULL AUTO_INCREMENT, AUTO_INCREMENT=8;

--
-- 使用資料表 AUTO_INCREMENT `deposit_log`
--
ALTER TABLE `deposit_log`
  MODIFY `id` int(11) NOT NULL AUTO_INCREMENT, AUTO_INCREMENT=11;

--
-- 使用資料表 AUTO_INCREMENT `deposit_pay`
--
ALTER TABLE `deposit_pay`
  MODIFY `id` int(11) NOT NULL AUTO_INCREMENT, AUTO_INCREMENT=10;

--
-- 使用資料表 AUTO_INCREMENT `dispensing`
--
ALTER TABLE `dispensing`
  MODIFY `id` int(11) NOT NULL AUTO_INCREMENT, AUTO_INCREMENT=8;

--
-- 使用資料表 AUTO_INCREMENT `dispensing_check`
--
ALTER TABLE `dispensing_check`
  MODIFY `id` int(11) NOT NULL AUTO_INCREMENT, AUTO_INCREMENT=8;

--
-- 使用資料表 AUTO_INCREMENT `player`
--
ALTER TABLE `player`
  MODIFY `id` int(11) NOT NULL AUTO_INCREMENT COMMENT 'ID', AUTO_INCREMENT=27;

--
-- 使用資料表 AUTO_INCREMENT `player_group`
--
ALTER TABLE `player_group`
  MODIFY `id` int(11) NOT NULL AUTO_INCREMENT COMMENT 'ID', AUTO_INCREMENT=10;

--
-- 使用資料表 AUTO_INCREMENT `rules`
--
ALTER TABLE `rules`
  MODIFY `r_id` int(11) NOT NULL AUTO_INCREMENT, AUTO_INCREMENT=13;
COMMIT;

/*!40101 SET CHARACTER_SET_CLIENT=@OLD_CHARACTER_SET_CLIENT */;
/*!40101 SET CHARACTER_SET_RESULTS=@OLD_CHARACTER_SET_RESULTS */;
/*!40101 SET COLLATION_CONNECTION=@OLD_COLLATION_CONNECTION */;
